source,dest,weight
Abacavir,fk_1,1
Abaloparatide,fk_2,1
Abarelix,fk_3,1
Abatacept,fk_4,1
Abciximab,fk_5,1
Abemaciclib,fk_6,1
Abiraterone,fk_7,1
Acalabrutinib,fk_8,1
Acamprosate,fk_9,1
Acarbose,fk_10,1
Acebutolol,fk_11,1
Aceclofenac,fk_12,1
Acemetacin,fk_13,1
Acenocoumarol,fk_14,1
Acetaminophen,fk_15,1
Acetazolamide,fk_16,1
Acetohexamide,fk_17,1
Acetohydroxamic acid,fk_18,1
Acetophenazine,fk_19,1
Acetyl sulfisoxazole,fk_20,1
Acetylcysteine,fk_21,1
Acetyldigitoxin,fk_22,1
Acetylsalicylic acid,fk_23,1
Acitretin,fk_24,1
Aclidinium,fk_25,1
Acrivastine,fk_26,1
Acyclovir,fk_27,1
Adalimumab,fk_28,1
Adapalene,fk_29,1
Adefovir dipivoxil,fk_30,1
Adenosine,fk_31,1
Adenosine phosphate,fk_32,1
Afamelanotide,fk_33,1
Afatinib,fk_34,1
Aflibercept,fk_35,1
Agkistrodon piscivorus antivenin,fk_36,1
Agomelatine,fk_37,1
Ajmaline,fk_38,1
Albendazole,fk_39,1
Albiglutide,fk_40,1
Albutrepenonacog alfa,fk_41,1
Alclofenac,fk_42,1
Alclometasone,fk_43,1
Aldesleukin,fk_44,1
Alectinib,fk_45,1
Alefacept,fk_46,1
Alemtuzumab,fk_47,1
Alendronic acid,fk_48,1
Alfacalcidol,fk_49,1
Alfentanil,fk_50,1
Alfuzosin,fk_51,1
Alglucosidase alfa,fk_52,1
Alimemazine,fk_53,1
Alirocumab,fk_54,1
Aliskiren,fk_55,1
Alitretinoin,fk_56,1
Allopurinol,fk_57,1
Almitrine,fk_58,1
Alogliptin,fk_59,1
Alosetron,fk_60,1
Alpelisib,fk_61,1
Alpha-1-proteinase inhibitor,fk_62,1
Alprazolam,fk_63,1
Alprostadil,fk_64,1
Alteplase,fk_65,1
Alverine,fk_66,1
Alvimopan,fk_67,1
Amantadine,fk_68,1
Ambenonium,fk_69,1
Ambrisentan,fk_70,1
Amcinonide,fk_71,1
Amifampridine,fk_72,1
Amifostine,fk_73,1
Amikacin,fk_74,1
Amiloride,fk_75,1
Aminocaproic acid,fk_76,1
Aminoglutethimide,fk_77,1
Aminolevulinic acid,fk_78,1
Aminophylline,fk_79,1
Amiodarone,fk_80,1
Amisulpride,fk_81,1
Amitriptyline,fk_82,1
Amlodipine,fk_83,1
Amobarbital,fk_84,1
Amoxapine,fk_85,1
Amphetamine,fk_86,1
Ampicillin,fk_87,1
Amprenavir,fk_88,1
Amrinone,fk_89,1
Amsacrine,fk_90,1
Amyl Nitrite,fk_91,1
Amylocaine,fk_92,1
Anagrelide,fk_93,1
Anakinra,fk_94,1
Anastrozole,fk_95,1
Ancestim,fk_96,1
Andexanet alfa,fk_97,1
Angiotensin II,fk_98,1
Anidulafungin,fk_99,1
Anileridine,fk_100,1
Anisindione,fk_101,1
Anisotropine methylbromide,fk_102,1
Anistreplase,fk_103,1
Antazoline,fk_104,1
Anthralin,fk_105,1
Anthrax immune globulin human,fk_106,1
Anti-inhibitor coagulant complex,fk_107,1
"Antihemophilic factor (recombinant), PEGylated",fk_108,1
Antihemophilic factor human,fk_109,1
"Antihemophilic factor, human recombinant",fk_110,1
Antithrombin Alfa,fk_111,1
Antithymocyte immunoglobulin (rabbit),fk_112,1
Apalutamide,fk_113,1
Apixaban,fk_114,1
Apomorphine,fk_115,1
Apraclonidine,fk_116,1
Apremilast,fk_117,1
Aprepitant,fk_118,1
Arbutamine,fk_119,1
Arbutin,fk_120,1
Ardeparin,fk_121,1
Arformoterol,fk_122,1
Argatroban,fk_123,1
Aripiprazole,fk_124,1
Aripiprazole lauroxil,fk_125,1
Armodafinil,fk_126,1
Arsenic trioxide,fk_127,1
Artesunate,fk_128,1
Asenapine,fk_129,1
Asfotase alfa,fk_130,1
Asparagine,fk_131,1
Astemizole,fk_132,1
Asunaprevir,fk_133,1
Atazanavir,fk_134,1
Atenolol,fk_135,1
Atezolizumab,fk_136,1
Atomoxetine,fk_137,1
Atorvastatin,fk_138,1
Atosiban,fk_139,1
Atovaquone,fk_140,1
Atracurium besylate,fk_141,1
Atropine,fk_142,1
Auranofin,fk_143,1
Avanafil,fk_144,1
Avatrombopag,fk_145,1
Avelumab,fk_146,1
Avibactam,fk_147,1
Axicabtagene ciloleucel,fk_148,1
Axitinib,fk_149,1
Azacitidine,fk_150,1
Azatadine,fk_151,1
Azelaic acid,fk_152,1
Azelastine,fk_153,1
Azilsartan medoxomil,fk_154,1
Azlocillin,fk_155,1
Aztreonam,fk_156,1
Bacampicillin,fk_157,1
Bacitracin,fk_158,1
Baclofen,fk_159,1
Balsalazide,fk_160,1
Baricitinib,fk_161,1
Basiliximab,fk_162,1
Bazedoxifene,fk_163,1
Becaplermin,fk_164,1
Beclomethasone dipropionate,fk_165,1
Bedaquiline,fk_166,1
Belatacept,fk_167,1
Belimumab,fk_168,1
Belinostat,fk_169,1
Bemiparin,fk_170,1
Bempedoic acid,fk_171,1
Benazepril,fk_172,1
Bendroflumethiazide,fk_173,1
Benralizumab,fk_174,1
Benserazide,fk_175,1
Benzatropine,fk_176,1
Benzocaine,fk_177,1
Benzphetamine,fk_178,1
Benzthiazide,fk_179,1
Benzylpenicilloyl polylysine,fk_180,1
Bepotastine,fk_181,1
Bepridil,fk_182,1
Besifloxacin,fk_183,1
Betahistine,fk_184,1
Betamethasone,fk_185,1
Betaxolol,fk_186,1
Betazole,fk_187,1
Bethanechol,fk_188,1
Bethanidine,fk_189,1
Betrixaban,fk_190,1
Bevacizumab,fk_191,1
Bexarotene,fk_192,1
Bezafibrate,fk_193,1
Bezlotoxumab,fk_194,1
Bicalutamide,fk_195,1
Bictegravir,fk_196,1
Bifonazole,fk_197,1
Bilastine,fk_198,1
Bimatoprost,fk_199,1
Binimetinib,fk_200,1
Bioallethrin,fk_201,1
Biperiden,fk_202,1
Bisoprolol,fk_203,1
Bivalirudin,fk_204,1
Blinatumomab,fk_205,1
Boceprevir,fk_206,1
Bortezomib,fk_207,1
Bosentan,fk_208,1
Bosutinib,fk_209,1
Botulinum toxin type A,fk_210,1
Botulinum toxin type B,fk_211,1
Brentuximab vedotin,fk_212,1
Bretylium,fk_213,1
Brexanolone,fk_214,1
Brexpiprazole,fk_215,1
Brigatinib,fk_216,1
Brimonidine,fk_217,1
Brinzolamide,fk_218,1
Brivaracetam,fk_219,1
Brivudine,fk_220,1
Brolucizumab,fk_221,1
Bromazepam,fk_222,1
Bromfenac,fk_223,1
Bromocriptine,fk_224,1
Bromodiphenhydramine,fk_225,1
Brompheniramine,fk_226,1
Buclizine,fk_227,1
Budesonide,fk_228,1
Bufexamac,fk_229,1
Bumetanide,fk_230,1
Bupivacaine,fk_231,1
Buprenorphine,fk_232,1
Bupropion,fk_233,1
Burosumab,fk_234,1
Buserelin,fk_235,1
Buspirone,fk_236,1
Butabarbital,fk_237,1
Butalbital,fk_238,1
Butamben,fk_239,1
Butenafine,fk_240,1
Butobarbital,fk_241,1
Butorphanol,fk_242,1
Butriptyline,fk_243,1
Butylscopolamine,fk_244,1
Cabazitaxel,fk_245,1
Cabergoline,fk_246,1
Cabozantinib,fk_247,1
Caffeine,fk_248,1
Calcifediol,fk_249,1
Calcitriol,fk_250,1
Calcium Phosphate,fk_251,1
Calcium carbimide,fk_252,1
Calcium citrate,fk_253,1
Calcium phosphate dihydrate,fk_254,1
Camphor,fk_255,1
Canagliflozin,fk_256,1
Canakinumab,fk_257,1
Candesartan cilexetil,fk_258,1
Cangrelor,fk_259,1
Cannabidiol,fk_260,1
Capecitabine,fk_261,1
Capmatinib,fk_262,1
Capreomycin,fk_263,1
Capromab pendetide,fk_264,1
Capsaicin,fk_265,1
Capsicum oleoresin,fk_266,1
Captopril,fk_267,1
Carbamazepine,fk_268,1
Carbamoylcholine,fk_269,1
Carbenicillin,fk_270,1
Carbetocin,fk_271,1
Carbidopa,fk_272,1
Carbimazole,fk_273,1
Carbinoxamine,fk_274,1
Carbon monoxide,fk_275,1
Carboprost tromethamine,fk_276,1
Carfilzomib,fk_277,1
Carglumic acid,fk_278,1
Carindacillin,fk_279,1
Cariprazine,fk_280,1
Carmustine,fk_281,1
Carprofen,fk_282,1
Carteolol,fk_283,1
Carvedilol,fk_284,1
Caspofungin,fk_285,1
Castor oil,fk_286,1
Catridecacog,fk_287,1
Catumaxomab,fk_288,1
Cefaclor,fk_289,1
Cefadroxil,fk_290,1
Cefalotin,fk_291,1
Cefamandole,fk_292,1
Cefapirin,fk_293,1
Cefazolin,fk_294,1
Cefdinir,fk_295,1
Cefditoren,fk_296,1
Cefepime,fk_297,1
Cefiderocol,fk_298,1
Cefixime,fk_299,1
Cefmenoxime,fk_300,1
Cefmetazole,fk_301,1
Cefonicid,fk_302,1
Cefoperazone,fk_303,1
Ceforanide,fk_304,1
Cefotaxime,fk_305,1
Cefotetan,fk_306,1
Cefotiam,fk_307,1
Cefoxitin,fk_308,1
Cefpiramide,fk_309,1
Cefpodoxime,fk_310,1
Cefprozil,fk_311,1
Cefradine,fk_312,1
Ceftazidime,fk_313,1
Ceftibuten,fk_314,1
Ceftizoxime,fk_315,1
Ceftolozane,fk_316,1
Ceftriaxone,fk_317,1
Cefuroxime,fk_318,1
Celecoxib,fk_319,1
Celiprolol,fk_320,1
Cemiplimab,fk_321,1
Cephalexin,fk_322,1
Cephaloglycin,fk_323,1
Ceritinib,fk_324,1
Cerivastatin,fk_325,1
Certolizumab pegol,fk_326,1
Ceruletide,fk_327,1
Cetirizine,fk_328,1
Cetrorelix,fk_329,1
Cetuximab,fk_330,1
Cevimeline,fk_331,1
Chlorcyclizine,fk_332,1
Chlordiazepoxide,fk_333,1
Chlormerodrin,fk_334,1
Chlormezanone,fk_335,1
Chloroprocaine,fk_336,1
Chlorothiazide,fk_337,1
Chlorpheniramine,fk_338,1
Chlorpromazine,fk_339,1
Chlorpropamide,fk_340,1
Chlorprothixene,fk_341,1
Chlortetracycline,fk_342,1
Chlorthalidone,fk_343,1
Chlorzoxazone,fk_344,1
Cholecalciferol,fk_345,1
Choriogonadotropin alfa,fk_346,1
Chorionic Gonadotropin (Human),fk_347,1
Chromic chloride,fk_348,1
Chymopapain,fk_349,1
Ciclesonide,fk_350,1
Ciclopirox,fk_351,1
Cidofovir,fk_352,1
Cilastatin,fk_353,1
Cilazapril,fk_354,1
Cilostazol,fk_355,1
Cimetidine,fk_356,1
Cinacalcet,fk_357,1
Cinchocaine,fk_358,1
Cinnarizine,fk_359,1
Cinoxacin,fk_360,1
Ciprofloxacin,fk_361,1
Cisapride,fk_362,1
Cisatracurium,fk_363,1
Citalopram,fk_364,1
Citric acid,fk_365,1
Cladribine,fk_366,1
Clarithromycin,fk_367,1
Clemastine,fk_368,1
Clenbuterol,fk_369,1
Clidinium,fk_370,1
Clindamycin,fk_371,1
Clobazam,fk_372,1
Clobetasol propionate,fk_373,1
Clobetasone,fk_374,1
Clocortolone,fk_375,1
Clodronic acid,fk_376,1
Clofarabine,fk_377,1
Clofedanol,fk_378,1
Clofibrate,fk_379,1
Clomifene,fk_380,1
Clomipramine,fk_381,1
Clonazepam,fk_382,1
Clonidine,fk_383,1
Clopidogrel,fk_384,1
Clorazepic acid,fk_385,1
Clotiazepam,fk_386,1
Clotrimazole,fk_387,1
Cloxacillin,fk_388,1
Clozapine,fk_389,1
Coagulation Factor IX (Recombinant),fk_390,1
Coagulation Factor IX Human,fk_391,1
Coagulation factor VII human,fk_392,1
Cobimetinib,fk_393,1
Cocaine,fk_394,1
Codeine,fk_395,1
Colchicine,fk_396,1
Conestat alfa,fk_397,1
Conivaptan,fk_398,1
Conjugated estrogens,fk_399,1
Copanlisib,fk_400,1
Corifollitropin alfa,fk_401,1
Corticorelin ovine triflutate,fk_402,1
Corticotropin,fk_403,1
Cortisone acetate,fk_404,1
Creatine,fk_405,1
Crizanlizumab,fk_406,1
Crizotinib,fk_407,1
Crofelemer,fk_408,1
Crotalus adamanteus antivenin,fk_409,1
Cryptenamine,fk_410,1
Cyanocobalamin,fk_411,1
Cyclacillin,fk_412,1
Cyclizine,fk_413,1
Cyclobenzaprine,fk_414,1
Cyclopentolate,fk_415,1
Cycloserine,fk_416,1
Cyclosporine,fk_417,1
Cyclothiazide,fk_418,1
Cycrimine,fk_419,1
Cyproheptadine,fk_420,1
Cyproterone acetate,fk_421,1
Cytarabine,fk_422,1
DL-Methylephedrine,fk_423,1
Dabigatran etexilate,fk_424,1
Dabrafenib,fk_425,1
Daclatasvir,fk_426,1
Dacomitinib,fk_427,1
Dalfampridine,fk_428,1
Dalfopristin,fk_429,1
Dalteparin,fk_430,1
Damoctocog alfa pegol,fk_431,1
Danaparoid,fk_432,1
Danazol,fk_433,1
Dantrolene,fk_434,1
Dapagliflozin,fk_435,1
Dapiprazole,fk_436,1
Dapsone,fk_437,1
Darbepoetin alfa,fk_438,1
Darifenacin,fk_439,1
Darolutamide,fk_440,1
Darunavir,fk_441,1
Dasabuvir,fk_442,1
Dasatinib,fk_443,1
Daunorubicin,fk_444,1
Debrisoquine,fk_445,1
Decamethonium,fk_446,1
Decitabine,fk_447,1
Degarelix,fk_448,1
Delafloxacin,fk_449,1
Delavirdine,fk_450,1
Demecarium,fk_451,1
Denileukin diftitox,fk_452,1
Denosumab,fk_453,1
Dequalinium,fk_454,1
Deserpidine,fk_455,1
Desflurane,fk_456,1
Desipramine,fk_457,1
Deslanoside,fk_458,1
Desloratadine,fk_459,1
Desmopressin,fk_460,1
Desogestrel,fk_461,1
Desonide,fk_462,1
Desoximetasone,fk_463,1
Desvenlafaxine,fk_464,1
Deutetrabenazine,fk_465,1
Dexamethasone,fk_466,1
Dexamethasone acetate,fk_467,1
Dexbrompheniramine,fk_468,1
Dexchlorpheniramine maleate,fk_469,1
Dexfenfluramine,fk_470,1
Dexibuprofen,fk_471,1
Dexlansoprazole,fk_472,1
Dexmedetomidine,fk_473,1
Dexmethylphenidate,fk_474,1
Dexrazoxane,fk_475,1
Dextroamphetamine,fk_476,1
Dextromethorphan,fk_477,1
Dextropropoxyphene,fk_478,1
Dextrothyroxine,fk_479,1
Dezocine,fk_480,1
Diamorphine,fk_481,1
Diazepam,fk_482,1
Diazoxide,fk_483,1
Dibotermin alfa,fk_484,1
Dichloroacetic acid,fk_485,1
Dichlorobenzyl alcohol,fk_486,1
Diclofenac,fk_487,1
Diclofenamide,fk_488,1
Dicloxacillin,fk_489,1
Dicoumarol,fk_490,1
Dicyclomine,fk_491,1
Didanosine,fk_492,1
Dienestrol,fk_493,1
Dienogest,fk_494,1
Diethylcarbamazine,fk_495,1
Diethylpropion,fk_496,1
Diethylstilbestrol,fk_497,1
Diflorasone,fk_498,1
Diflunisal,fk_499,1
Difluocortolone,fk_500,1
Difluprednate,fk_501,1
Digitoxin,fk_502,1
Digoxin,fk_503,1
Dihydro-alpha-ergocryptine,fk_504,1
Dihydroergocornine,fk_505,1
Dihydroergocristine,fk_506,1
Dihydroergotamine,fk_507,1
Dihydrotachysterol,fk_508,1
Diltiazem,fk_509,1
Dimenhydrinate,fk_510,1
Dimethyl fumarate,fk_511,1
Dimetindene,fk_512,1
Dinoprost tromethamine,fk_513,1
Dinoprostone,fk_514,1
Diphemanil,fk_515,1
Diphenhydramine,fk_516,1
Diphenidol,fk_517,1
Diphenoxylate,fk_518,1
Diphenylpyraline,fk_519,1
Dipivefrin,fk_520,1
Dipyridamole,fk_521,1
Disopyramide,fk_522,1
Disulfiram,fk_523,1
Dobutamine,fk_524,1
Docetaxel,fk_525,1
Doconexent,fk_526,1
Docosanol,fk_527,1
Dofetilide,fk_528,1
Dolasetron,fk_529,1
Dolutegravir,fk_530,1
Domperidone,fk_531,1
Donepezil,fk_532,1
Dopamine,fk_533,1
Doripenem,fk_534,1
Dorzolamide,fk_535,1
Dosulepin,fk_536,1
Dotatate gallium Ga-68,fk_537,1
Doxacurium,fk_538,1
Doxapram,fk_539,1
Doxazosin,fk_540,1
Doxepin,fk_541,1
Doxorubicin,fk_542,1
Doxylamine,fk_543,1
Dronabinol,fk_544,1
Dronedarone,fk_545,1
Droperidol,fk_546,1
Drospirenone,fk_547,1
Drotaverine,fk_548,1
Drotrecogin alfa,fk_549,1
Droxidopa,fk_550,1
Dulaglutide,fk_551,1
Duloxetine,fk_552,1
Dupilumab,fk_553,1
Durvalumab,fk_554,1
Dutasteride,fk_555,1
Duvelisib,fk_556,1
Dyclonine,fk_557,1
Dydrogesterone,fk_558,1
Dyphylline,fk_559,1
Ecallantide,fk_560,1
Echothiophate,fk_561,1
Econazole,fk_562,1
Eculizumab,fk_563,1
Edotreotide gallium Ga-68,fk_564,1
Edoxaban,fk_565,1
Edoxudine,fk_566,1
Edrophonium,fk_567,1
Efalizumab,fk_568,1
Efavirenz,fk_569,1
Efinaconazole,fk_570,1
Eflornithine,fk_571,1
Efmoroctocog alfa,fk_572,1
Elbasvir,fk_573,1
Eletriptan,fk_574,1
Elexacaftor,fk_575,1
Eliglustat,fk_576,1
Elotuzumab,fk_577,1
Eluxadoline,fk_578,1
Elvitegravir,fk_579,1
Emapalumab,fk_580,1
Emedastine,fk_581,1
Emicizumab,fk_582,1
Empagliflozin,fk_583,1
Emtricitabine,fk_584,1
Enalapril,fk_585,1
Enalaprilat,fk_586,1
Enasidenib,fk_587,1
Encainide,fk_588,1
Encorafenib,fk_589,1
Enflurane,fk_590,1
Enfuvirtide,fk_591,1
Enoxacin,fk_592,1
Enoxaparin,fk_593,1
Enoximone,fk_594,1
Enprofylline,fk_595,1
Entacapone,fk_596,1
Entrectinib,fk_597,1
Enzalutamide,fk_598,1
Ephedrine,fk_599,1
Epicriptine,fk_600,1
Epinastine,fk_601,1
Epinephrine,fk_602,1
Eplerenone,fk_603,1
Epoprostenol,fk_604,1
Eprosartan,fk_605,1
Eptifibatide,fk_606,1
Eptinezumab,fk_607,1
Equine Botulinum Neurotoxin A Immune FAB2,fk_608,1
Equine Botulinum Neurotoxin B Immune FAB2,fk_609,1
Equine Botulinum Neurotoxin C Immune FAB2,fk_610,1
Equine Botulinum Neurotoxin D Immune FAB2,fk_611,1
Equine Botulinum Neurotoxin E Immune FAB2,fk_612,1
Equine Botulinum Neurotoxin F Immune FAB2,fk_613,1
Equine Botulinum Neurotoxin G Immune FAB2,fk_614,1
Eravacycline,fk_615,1
Erdafitinib,fk_616,1
Ergocalciferol,fk_617,1
Ergoloid mesylate,fk_618,1
Ergometrine,fk_619,1
Ergotamine,fk_620,1
Erlotinib,fk_621,1
Ertapenem,fk_622,1
Ertugliflozin,fk_623,1
Erythrityl tetranitrate,fk_624,1
Erythropoietin,fk_625,1
Escitalopram,fk_626,1
Eslicarbazepine,fk_627,1
Eslicarbazepine acetate,fk_628,1
Esmolol,fk_629,1
Esomeprazole,fk_630,1
Estazolam,fk_631,1
Estradiol,fk_632,1
Estradiol acetate,fk_633,1
Estradiol benzoate,fk_634,1
Estradiol cypionate,fk_635,1
Estradiol dienanthate,fk_636,1
Estradiol valerate,fk_637,1
Estramustine,fk_638,1
Estriol,fk_639,1
Estrone,fk_640,1
Estrone sulfate,fk_641,1
Eszopiclone,fk_642,1
Etacrynic acid,fk_643,1
Etafedrine,fk_644,1
Etanercept,fk_645,1
Etelcalcetide,fk_646,1
Ethambutol,fk_647,1
Ethanol,fk_648,1
Ethchlorvynol,fk_649,1
Ethinamate,fk_650,1
Ethinylestradiol,fk_651,1
Ethionamide,fk_652,1
Ethosuximide,fk_653,1
Ethotoin,fk_654,1
Ethynodiol diacetate,fk_655,1
Etodolac,fk_656,1
Etomidate,fk_657,1
Etonogestrel,fk_658,1
Etoposide,fk_659,1
Etoricoxib,fk_660,1
Everolimus,fk_661,1
Exemestane,fk_662,1
Exenatide,fk_663,1
Ezetimibe,fk_664,1
Famciclovir,fk_665,1
Famotidine,fk_666,1
Favipiravir,fk_667,1
Febuxostat,fk_668,1
Fedratinib,fk_669,1
Felbamate,fk_670,1
Felodipine,fk_671,1
Fenfluramine,fk_672,1
Fenofibrate,fk_673,1
Fenofibric acid,fk_674,1
Fenoldopam,fk_675,1
Fenoprofen,fk_676,1
Fenoterol,fk_677,1
Fentanyl,fk_678,1
Ferric cation,fk_679,1
Ferric pyrophosphate citrate,fk_680,1
Ferrous sulfate anhydrous,fk_681,1
Fesoterodine,fk_682,1
Fexofenadine,fk_683,1
Fidaxomicin,fk_684,1
Filgrastim,fk_685,1
Finafloxacin,fk_686,1
Finasteride,fk_687,1
Fingolimod,fk_688,1
Fish oil,fk_689,1
Flavoxate,fk_690,1
Flecainide,fk_691,1
Flibanserin,fk_692,1
Florbetaben (18F),fk_693,1
Florbetapir (18F),fk_694,1
Flortaucipir F-18,fk_695,1
Floxuridine,fk_696,1
Fluciclovine (18F),fk_697,1
Flucloxacillin,fk_698,1
Fluconazole,fk_699,1
Fludarabine,fk_700,1
Fludrocortisone,fk_701,1
Flumazenil,fk_702,1
Flumethasone,fk_703,1
Flunarizine,fk_704,1
Flunisolide,fk_705,1
Flunitrazepam,fk_706,1
Fluocinolone acetonide,fk_707,1
Fluocinonide,fk_708,1
Fluorometholone,fk_709,1
Fluorouracil,fk_710,1
Fluoxetine,fk_711,1
Fluoxymesterone,fk_712,1
Flupentixol,fk_713,1
Fluphenazine,fk_714,1
Flurandrenolide,fk_715,1
Flurazepam,fk_716,1
Flurbiprofen,fk_717,1
Fluspirilene,fk_718,1
Flutamide,fk_719,1
Flutemetamol (18F),fk_720,1
Fluticasone,fk_721,1
Fluticasone furoate,fk_722,1
Fluticasone propionate,fk_723,1
Fluvastatin,fk_724,1
Fluvoxamine,fk_725,1
Follitropin,fk_726,1
Fomepizole,fk_727,1
Fomivirsen,fk_728,1
Fondaparinux,fk_729,1
Foreskin fibroblast (neonatal),fk_730,1
Foreskin keratinocyte (neonatal),fk_731,1
Formoterol,fk_732,1
Fosamprenavir,fk_733,1
Foscarnet,fk_734,1
Fosfomycin,fk_735,1
Fosinopril,fk_736,1
Fosnetupitant,fk_737,1
Fosphenytoin,fk_738,1
Fospropofol,fk_739,1
Fostamatinib,fk_740,1
Framycetin,fk_741,1
Fremanezumab,fk_742,1
Frovatriptan,fk_743,1
Fulvestrant,fk_744,1
Furosemide,fk_745,1
Fusidic acid,fk_746,1
Gabapentin,fk_747,1
Galantamine,fk_748,1
Galcanezumab,fk_749,1
Gallamine triethiodide,fk_750,1
Gallium nitrate,fk_751,1
Galsulfase,fk_752,1
Ganciclovir,fk_753,1
Ganirelix,fk_754,1
Gatifloxacin,fk_755,1
Gefitinib,fk_756,1
Gemcitabine,fk_757,1
Gemeprost,fk_758,1
Gemfibrozil,fk_759,1
Gemifloxacin,fk_760,1
Gemtuzumab ozogamicin,fk_761,1
Gentamicin,fk_762,1
Gilteritinib,fk_763,1
Glasdegib,fk_764,1
Glecaprevir,fk_765,1
Gliclazide,fk_766,1
Glimepiride,fk_767,1
Glipizide,fk_768,1
Gliquidone,fk_769,1
Glucagon,fk_770,1
Glucosamine,fk_771,1
Glutethimide,fk_772,1
Glyburide,fk_773,1
Glycerin,fk_774,1
Glycol salicylate,fk_775,1
Glycopyrronium,fk_776,1
Glycyrrhizic acid,fk_777,1
Glymidine,fk_778,1
Golimumab,fk_779,1
Golodirsen,fk_780,1
Gonadorelin,fk_781,1
Goserelin,fk_782,1
Granisetron,fk_783,1
Grazoprevir,fk_784,1
Grepafloxacin,fk_785,1
Griseofulvin,fk_786,1
Guanabenz,fk_787,1
Guanadrel,fk_788,1
Guanethidine,fk_789,1
Guanfacine,fk_790,1
Guanidine,fk_791,1
Guselkumab,fk_792,1
Halazepam,fk_793,1
Halofantrine,fk_794,1
Haloperidol,fk_795,1
Halothane,fk_796,1
Heparin,fk_797,1
Hetacillin,fk_798,1
Hexachlorophene,fk_799,1
Hexafluronium,fk_800,1
Hexocyclium,fk_801,1
Hexylcaine,fk_802,1
Histamine,fk_803,1
Histrelin,fk_804,1
Homatropine,fk_805,1
Homatropine methylbromide,fk_806,1
Human C1-esterase inhibitor,fk_807,1
Human Rho(D) immune globulin,fk_808,1
Human calcitonin,fk_809,1
Human immunoglobulin G,fk_810,1
Human interferon beta,fk_811,1
Human thrombin,fk_812,1
Hyaluronic acid,fk_813,1
Hydralazine,fk_814,1
Hydrochlorothiazide,fk_815,1
Hydrocodone,fk_816,1
Hydrocortamate,fk_817,1
Hydrocortisone,fk_818,1
Hydrocortisone acetate,fk_819,1
Hydrocortisone butyrate,fk_820,1
Hydrocortisone cypionate,fk_821,1
Hydrocortisone phosphate,fk_822,1
Hydrocortisone probutate,fk_823,1
Hydrocortisone valerate,fk_824,1
Hydroflumethiazide,fk_825,1
Hydromorphone,fk_826,1
Hydroquinone,fk_827,1
Hydroxocobalamin,fk_828,1
Hydroxychloroquine,fk_829,1
Hydroxyurea,fk_830,1
Hydroxyzine,fk_831,1
Hyoscyamine,fk_832,1
Ibandronate,fk_833,1
Ibritumomab tiuxetan,fk_834,1
Ibrutinib,fk_835,1
Ibuprofen,fk_836,1
Ibutilide,fk_837,1
Icatibant,fk_838,1
Icosapent,fk_839,1
Idarubicin,fk_840,1
Idelalisib,fk_841,1
Ifenprodil,fk_842,1
Iloperidone,fk_843,1
Iloprost,fk_844,1
Imatinib,fk_845,1
Imipenem,fk_846,1
Imipramine,fk_847,1
Imiquimod,fk_848,1
Indacaterol,fk_849,1
Indapamide,fk_850,1
Indecainide,fk_851,1
Indinavir,fk_852,1
Indomethacin,fk_853,1
Inebilizumab,fk_854,1
Infliximab,fk_855,1
Inositol nicotinate,fk_856,1
Inotuzumab ozogamicin,fk_857,1
Insulin aspart,fk_858,1
Insulin degludec,fk_859,1
Insulin detemir,fk_860,1
Insulin glargine,fk_861,1
Insulin glulisine,fk_862,1
Insulin human,fk_863,1
Insulin lispro,fk_864,1
Insulin pork,fk_865,1
Interferon alfa-2a,fk_866,1
Interferon alfa-2b,fk_867,1
Interferon alfa-n1,fk_868,1
Interferon alfa-n3,fk_869,1
Interferon alfacon-1,fk_870,1
Interferon beta-1a,fk_871,1
Interferon beta-1b,fk_872,1
Interferon gamma-1b,fk_873,1
Iodine,fk_874,1
Iopodic acid,fk_875,1
Ipilimumab,fk_876,1
Ipratropium,fk_877,1
Irbesartan,fk_878,1
Irinotecan,fk_879,1
Iron Dextran,fk_880,1
Isavuconazole,fk_881,1
Isocarboxazid,fk_882,1
Isoetharine,fk_883,1
Isoflurane,fk_884,1
Isoflurophate,fk_885,1
Isometheptene,fk_886,1
Isoniazid,fk_887,1
Isoprenaline,fk_888,1
Isopropamide,fk_889,1
Isosorbide dinitrate,fk_890,1
Isosorbide mononitrate,fk_891,1
Isradipine,fk_892,1
Istradefylline,fk_893,1
Itraconazole,fk_894,1
Ivacaftor,fk_895,1
Ivermectin,fk_896,1
Ivosidenib,fk_897,1
Ixabepilone,fk_898,1
Ixekizumab,fk_899,1
Kanamycin,fk_900,1
Ketamine,fk_901,1
Ketazolam,fk_902,1
Ketoconazole,fk_903,1
Ketoprofen,fk_904,1
Ketorolac,fk_905,1
Ketotifen,fk_906,1
Labetalol,fk_907,1
Lacidipine,fk_908,1
Lamivudine,fk_909,1
Lamotrigine,fk_910,1
Lanadelumab,fk_911,1
Lansoprazole,fk_912,1
Lapatinib,fk_913,1
Larotrectinib,fk_914,1
Lasmiditan,fk_915,1
Lasofoxifene,fk_916,1
Latamoxef,fk_917,1
Latanoprost,fk_918,1
Latanoprostene bunod,fk_919,1
Ledipasvir,fk_920,1
Lefamulin,fk_921,1
Leflunomide,fk_922,1
Lemborexant,fk_923,1
Lenalidomide,fk_924,1
Lenograstim,fk_925,1
Lenvatinib,fk_926,1
Lepirudin,fk_927,1
Lercanidipine,fk_928,1
Lesinurad,fk_929,1
Letermovir,fk_930,1
Letrozole,fk_931,1
Leuprolide,fk_932,1
Levacetylmethadol,fk_933,1
Levallorphan,fk_934,1
Levamisole,fk_935,1
Levetiracetam,fk_936,1
Levobetaxolol,fk_937,1
Levobunolol,fk_938,1
Levobupivacaine,fk_939,1
Levocabastine,fk_940,1
Levocetirizine,fk_941,1
Levodopa,fk_942,1
Levofloxacin,fk_943,1
Levomenthol,fk_944,1
Levomilnacipran,fk_945,1
Levonordefrin,fk_946,1
Levonorgestrel,fk_947,1
Levorphanol,fk_948,1
Levosalbutamol,fk_949,1
Levosimendan,fk_950,1
Levothyroxine,fk_951,1
Lidocaine,fk_952,1
Lifitegrast,fk_953,1
Linaclotide,fk_954,1
Linagliptin,fk_955,1
Lincomycin,fk_956,1
Lindane,fk_957,1
Liothyronine,fk_958,1
Liotrix,fk_959,1
Lipegfilgrastim,fk_960,1
Liraglutide,fk_961,1
Lisinopril,fk_962,1
Lisuride,fk_963,1
Lixisenatide,fk_964,1
Lofexidine,fk_965,1
Lomefloxacin,fk_966,1
Lomitapide,fk_967,1
Lonoctocog alfa,fk_968,1
Loperamide,fk_969,1
Lopinavir,fk_970,1
Loracarbef,fk_971,1
Loratadine,fk_972,1
Lorazepam,fk_973,1
Lorlatinib,fk_974,1
Lormetazepam,fk_975,1
Lornoxicam,fk_976,1
Lorpiprazole,fk_977,1
Losartan,fk_978,1
Loteprednol etabonate,fk_979,1
Lovastatin,fk_980,1
Loxapine,fk_981,1
Loxoprofen,fk_982,1
Lubiprostone,fk_983,1
Luliconazole,fk_984,1
Lumacaftor,fk_985,1
Lumateperone,fk_986,1
Lumiracoxib,fk_987,1
Lurasidone,fk_988,1
Lusutrombopag,fk_989,1
Lutetium Lu 177 dotatate,fk_990,1
Lutropin alfa,fk_991,1
Lyme disease vaccine (recombinant OspA),fk_992,1
Lymecycline,fk_993,1
Lypressin,fk_994,1
Macitentan,fk_995,1
Magnesium sulfate,fk_996,1
Malathion,fk_997,1
Manidipine,fk_998,1
Maprotiline,fk_999,1
Maraviroc,fk_1000,1
Masoprocol,fk_1001,1
Mazindol,fk_1002,1
Mebendazole,fk_1003,1
Mecamylamine,fk_1004,1
Mecasermin,fk_1005,1
Mecasermin rinfabate,fk_1006,1
Meclizine,fk_1007,1
Meclofenamic acid,fk_1008,1
Mecobalamin,fk_1009,1
Medrogestone,fk_1010,1
Medroxyprogesterone acetate,fk_1011,1
Medrysone,fk_1012,1
Mefenamic acid,fk_1013,1
Megestrol acetate,fk_1014,1
Melatonin,fk_1015,1
Meloxicam,fk_1016,1
Memantine,fk_1017,1
Menadione,fk_1018,1
Menotropins,fk_1019,1
Menthyl salicylate,fk_1020,1
Mepenzolate,fk_1021,1
Meperidine,fk_1022,1
Mephentermine,fk_1023,1
Mephenytoin,fk_1024,1
Mepivacaine,fk_1025,1
Mepolizumab,fk_1026,1
Meprobamate,fk_1027,1
Mepyramine,fk_1028,1
Mercaptopurine,fk_1029,1
Meropenem,fk_1030,1
Mesalazine,fk_1031,1
Mesoridazine,fk_1032,1
Mestranol,fk_1033,1
Metamfetamine,fk_1034,1
Metaraminol,fk_1035,1
Metformin,fk_1036,1
Methacholine,fk_1037,1
Methadone,fk_1038,1
Methantheline,fk_1039,1
Methazolamide,fk_1040,1
Methdilazine,fk_1041,1
Methimazole,fk_1042,1
Methohexital,fk_1043,1
Methotrexate,fk_1044,1
Methotrimeprazine,fk_1045,1
Methoxamine,fk_1046,1
Methoxy polyethylene glycol-epoetin beta,fk_1047,1
Methoxyflurane,fk_1048,1
Methscopolamine bromide,fk_1049,1
Methsuximide,fk_1050,1
Methyldopa,fk_1051,1
Methylene blue,fk_1052,1
Methylergometrine,fk_1053,1
Methylnaltrexone,fk_1054,1
Methylphenidate,fk_1055,1
Methylphenobarbital,fk_1056,1
Methylprednisolone,fk_1057,1
Methyltestosterone,fk_1058,1
Methyprylon,fk_1059,1
Methysergide,fk_1060,1
Meticillin,fk_1061,1
Metipranolol,fk_1062,1
Metixene,fk_1063,1
Metoclopramide,fk_1064,1
Metocurine,fk_1065,1
Metocurine iodide,fk_1066,1
Metolazone,fk_1067,1
Metoprolol,fk_1068,1
Metreleptin,fk_1069,1
Metronidazole,fk_1070,1
Metyrapone,fk_1071,1
Metyrosine,fk_1072,1
Mexiletine,fk_1073,1
Mezlocillin,fk_1074,1
Micafungin,fk_1075,1
Miconazole,fk_1076,1
Midazolam,fk_1077,1
Midodrine,fk_1078,1
Midostaurin,fk_1079,1
Mifamurtide,fk_1080,1
Mifepristone,fk_1081,1
Miglitol,fk_1082,1
Miglustat,fk_1083,1
Milnacipran,fk_1084,1
Milrinone,fk_1085,1
Minaprine,fk_1086,1
Minocycline,fk_1087,1
Minoxidil,fk_1088,1
Mirabegron,fk_1089,1
Mirtazapine,fk_1090,1
Misoprostol,fk_1091,1
Mitotane,fk_1092,1
Mitoxantrone,fk_1093,1
Mivacurium,fk_1094,1
Moclobemide,fk_1095,1
Modafinil,fk_1096,1
Moexipril,fk_1097,1
Mogamulizumab,fk_1098,1
Molindone,fk_1099,1
Mometasone furoate,fk_1100,1
Montelukast,fk_1101,1
Moricizine,fk_1102,1
Moroctocog alfa,fk_1103,1
Morphine,fk_1104,1
Moxetumomab pasudotox,fk_1105,1
Moxidectin,fk_1106,1
Moxifloxacin,fk_1107,1
Moxisylyte,fk_1108,1
Moxonidine,fk_1109,1
Mupirocin,fk_1110,1
Muromonab,fk_1111,1
Mycophenolate mofetil,fk_1112,1
Mycophenolic acid,fk_1113,1
Nabilone,fk_1114,1
Nabumetone,fk_1115,1
Nadolol,fk_1116,1
Nadroparin,fk_1117,1
Nafarelin,fk_1118,1
Nafcillin,fk_1119,1
Naftifine,fk_1120,1
Nalbuphine,fk_1121,1
Naldemedine,fk_1122,1
Nalmefene,fk_1123,1
Naloxegol,fk_1124,1
Naloxone,fk_1125,1
Naltrexone,fk_1126,1
Nandrolone decanoate,fk_1127,1
Nandrolone phenpropionate,fk_1128,1
Naphazoline,fk_1129,1
Naproxen,fk_1130,1
Naratriptan,fk_1131,1
Natalizumab,fk_1132,1
Nateglinide,fk_1133,1
Nebivolol,fk_1134,1
Necitumumab,fk_1135,1
Nedocromil,fk_1136,1
Nefazodone,fk_1137,1
Nelfinavir,fk_1138,1
Neomycin,fk_1139,1
Neostigmine,fk_1140,1
Neratinib,fk_1141,1
Netarsudil,fk_1142,1
Netilmicin,fk_1143,1
Netupitant,fk_1144,1
Nevirapine,fk_1145,1
Niacin,fk_1146,1
Nicardipine,fk_1147,1
Nicergoline,fk_1148,1
Nicorandil,fk_1149,1
Nicotinamide,fk_1150,1
Nicotine,fk_1151,1
Nifedipine,fk_1152,1
Nilotinib,fk_1153,1
Nilutamide,fk_1154,1
Nilvadipine,fk_1155,1
Nimesulide,fk_1156,1
Nimodipine,fk_1157,1
Nintedanib,fk_1158,1
Niraparib,fk_1159,1
Nisoldipine,fk_1160,1
Nitazoxanide,fk_1161,1
Nitisinone,fk_1162,1
Nitrazepam,fk_1163,1
Nitrendipine,fk_1164,1
Nitric Oxide,fk_1165,1
Nitrofural,fk_1166,1
Nitrofurantoin,fk_1167,1
Nitroglycerin,fk_1168,1
Nitroprusside,fk_1169,1
Nitrous acid,fk_1170,1
Nivolumab,fk_1171,1
Nizatidine,fk_1172,1
Nonacog beta pegol,fk_1173,1
Norelgestromin,fk_1174,1
Norepinephrine,fk_1175,1
Norethisterone,fk_1176,1
Norfloxacin,fk_1177,1
Norgestimate,fk_1178,1
Norgestrel,fk_1179,1
Nortriptyline,fk_1180,1
Novobiocin,fk_1181,1
Nusinersen,fk_1182,1
Nylidrin,fk_1183,1
Obeticholic acid,fk_1184,1
Obinutuzumab,fk_1185,1
Ocrelizumab,fk_1186,1
Ocriplasmin,fk_1187,1
Ofatumumab,fk_1188,1
Ofloxacin,fk_1189,1
Olanzapine,fk_1190,1
Olaparib,fk_1191,1
Olaratumab,fk_1192,1
Olmesartan,fk_1193,1
Olodaterol,fk_1194,1
Olopatadine,fk_1195,1
Olsalazine,fk_1196,1
Omacetaxine mepesuccinate,fk_1197,1
Omadacycline,fk_1198,1
Omalizumab,fk_1199,1
Ombitasvir,fk_1200,1
Omega-3 fatty acids,fk_1201,1
Omega-3-carboxylic acids,fk_1202,1
Omeprazole,fk_1203,1
Ondansetron,fk_1204,1
Opicapone,fk_1205,1
Opium,fk_1206,1
Oprelvekin,fk_1207,1
Orciprenaline,fk_1208,1
Orlistat,fk_1209,1
Orphenadrine,fk_1210,1
Oseltamivir,fk_1211,1
Osilodrostat,fk_1212,1
Osimertinib,fk_1213,1
Ospemifene,fk_1214,1
Ouabain,fk_1215,1
Oxacillin,fk_1216,1
Oxandrolone,fk_1217,1
Oxaprozin,fk_1218,1
Oxazepam,fk_1219,1
Oxetacaine,fk_1220,1
Oxiconazole,fk_1221,1
Oxprenolol,fk_1222,1
Oxtriphylline,fk_1223,1
Oxybuprocaine,fk_1224,1
Oxybutynin,fk_1225,1
Oxycodone,fk_1226,1
Oxymetazoline,fk_1227,1
Oxymetholone,fk_1228,1
Oxymorphone,fk_1229,1
Oxyphencyclimine,fk_1230,1
Oxyphenonium,fk_1231,1
Oxytetracycline,fk_1232,1
Oxytocin,fk_1233,1
Ozanimod,fk_1234,1
Ozenoxacin,fk_1235,1
Paclitaxel,fk_1236,1
Palbociclib,fk_1237,1
Palifermin,fk_1238,1
Paliperidone,fk_1239,1
Palivizumab,fk_1240,1
Palonosetron,fk_1241,1
Pamidronic acid,fk_1242,1
Pancuronium,fk_1243,1
Panitumumab,fk_1244,1
Panobinostat,fk_1245,1
Pantoprazole,fk_1246,1
Papaverine,fk_1247,1
Paramethadione,fk_1248,1
Parathyroid hormone,fk_1249,1
Parecoxib,fk_1250,1
Pargyline,fk_1251,1
Paricalcitol,fk_1252,1
Paritaprevir,fk_1253,1
Paromomycin,fk_1254,1
Paroxetine,fk_1255,1
Patent Blue,fk_1256,1
Pazopanib,fk_1257,1
Pefloxacin,fk_1258,1
Pegfilgrastim,fk_1259,1
Peginesatide,fk_1260,1
Peginterferon alfa-2a,fk_1261,1
Peginterferon alfa-2b,fk_1262,1
Pegvisomant,fk_1263,1
Pembrolizumab,fk_1264,1
Pemetrexed,fk_1265,1
Pemigatinib,fk_1266,1
Penbutolol,fk_1267,1
Penciclovir,fk_1268,1
Pentaerythritol tetranitrate,fk_1269,1
Pentagastrin,fk_1270,1
Pentazocine,fk_1271,1
Pentobarbital,fk_1272,1
Pentolinium,fk_1273,1
Pentosan polysulfate,fk_1274,1
Pentostatin,fk_1275,1
Pentoxifylline,fk_1276,1
Pentoxyverine,fk_1277,1
Perampanel,fk_1278,1
Pergolide,fk_1279,1
Perhexiline,fk_1280,1
Periciazine,fk_1281,1
Perindopril,fk_1282,1
Permethrin,fk_1283,1
Perphenazine,fk_1284,1
Pertuzumab,fk_1285,1
Pexidartinib,fk_1286,1
Phenacemide,fk_1287,1
Phenazopyridine,fk_1288,1
Phendimetrazine,fk_1289,1
Phenelzine,fk_1290,1
Phenformin,fk_1291,1
Phenindamine,fk_1292,1
Phenindione,fk_1293,1
Pheniramine,fk_1294,1
Phenmetrazine,fk_1295,1
Phenobarbital,fk_1296,1
Phenoxybenzamine,fk_1297,1
Phenoxymethylpenicillin,fk_1298,1
Phenprocoumon,fk_1299,1
Phentermine,fk_1300,1
Phentolamine,fk_1301,1
Phenylbutazone,fk_1302,1
Phenylephrine,fk_1303,1
Phenyltoloxamine,fk_1304,1
Phenytoin,fk_1305,1
Pholcodine,fk_1306,1
Phylloquinone,fk_1307,1
Physostigmine,fk_1308,1
Pibrentasvir,fk_1309,1
Pilocarpine,fk_1310,1
Pimavanserin,fk_1311,1
Pimecrolimus,fk_1312,1
Pimozide,fk_1313,1
Pinaverium,fk_1314,1
Pindolol,fk_1315,1
Pioglitazone,fk_1316,1
Pipecuronium,fk_1317,1
Piperacillin,fk_1318,1
Piperazine,fk_1319,1
Pipotiazine,fk_1320,1
Pirbuterol,fk_1321,1
Pirenzepine,fk_1322,1
Piroxicam,fk_1323,1
Pitavastatin,fk_1324,1
Pitolisant,fk_1325,1
Pivampicillin,fk_1326,1
Pivmecillinam,fk_1327,1
Plazomicin,fk_1328,1
Plecanatide,fk_1329,1
Plerixafor,fk_1330,1
Podofilox,fk_1331,1
Polatuzumab vedotin,fk_1332,1
Polyestradiol phosphate,fk_1333,1
Polythiazide,fk_1334,1
Pomalidomide,fk_1335,1
Ponatinib,fk_1336,1
Posaconazole,fk_1337,1
Potassium perchlorate,fk_1338,1
Practolol,fk_1339,1
Pralatrexate,fk_1340,1
Pralidoxime,fk_1341,1
Pramipexole,fk_1342,1
Pramlintide,fk_1343,1
Pramocaine,fk_1344,1
Prasugrel,fk_1345,1
Pravastatin,fk_1346,1
Prazepam,fk_1347,1
Prazosin,fk_1348,1
Prednicarbate,fk_1349,1
Prednisolone,fk_1350,1
Prednisolone acetate,fk_1351,1
Prednisone,fk_1352,1
Pregabalin,fk_1353,1
Prilocaine,fk_1354,1
Primidone,fk_1355,1
Probenecid,fk_1356,1
Probucol,fk_1357,1
Procaine,fk_1358,1
Procarbazine,fk_1359,1
Procaterol,fk_1360,1
Prochlorperazine,fk_1361,1
Procyclidine,fk_1362,1
Profenamine,fk_1363,1
Progesterone,fk_1364,1
Proguanil,fk_1365,1
Promazine,fk_1366,1
Promethazine,fk_1367,1
Propafenone,fk_1368,1
Propantheline,fk_1369,1
Proparacaine,fk_1370,1
Propiomazine,fk_1371,1
Propiverine,fk_1372,1
Propofol,fk_1373,1
Propoxycaine,fk_1374,1
Propranolol,fk_1375,1
Propylhexedrine,fk_1376,1
Propylthiouracil,fk_1377,1
Protein C,fk_1378,1
Protein S human,fk_1379,1
Prothrombin,fk_1380,1
Protirelin,fk_1381,1
Protokylol,fk_1382,1
Protriptyline,fk_1383,1
Prucalopride,fk_1384,1
Pseudoephedrine,fk_1385,1
Pyrazinamide,fk_1386,1
Pyridostigmine,fk_1387,1
Pyridoxine,fk_1388,1
Pyrimethamine,fk_1389,1
Quazepam,fk_1390,1
Quetiapine,fk_1391,1
Quinapril,fk_1392,1
Quinestrol,fk_1393,1
Quinethazone,fk_1394,1
Quinidine,fk_1395,1
Quinidine barbiturate,fk_1396,1
Quinupristin,fk_1397,1
Rabeprazole,fk_1398,1
"Rabies immune globulin, human",fk_1399,1
Racepinephrine,fk_1400,1
Raloxifene,fk_1401,1
Raltegravir,fk_1402,1
Raltitrexed,fk_1403,1
Ramelteon,fk_1404,1
Ramipril,fk_1405,1
Ramucirumab,fk_1406,1
Ranibizumab,fk_1407,1
Ranitidine,fk_1408,1
Rapacuronium,fk_1409,1
Rasagiline,fk_1410,1
Raxibacumab,fk_1411,1
Reboxetine,fk_1412,1
Regadenoson,fk_1413,1
Regorafenib,fk_1414,1
Relebactam,fk_1415,1
Remifentanil,fk_1416,1
Remoxipride,fk_1417,1
Repaglinide,fk_1418,1
Rescinnamine,fk_1419,1
Reserpine,fk_1420,1
Reslizumab,fk_1421,1
Retapamulin,fk_1422,1
Reteplase,fk_1423,1
Revefenacin,fk_1424,1
Ribavirin,fk_1425,1
Ribociclib,fk_1426,1
Riboflavin,fk_1427,1
Rifabutin,fk_1428,1
Rifampicin,fk_1429,1
Rifamycin,fk_1430,1
Rifapentine,fk_1431,1
Rifaximin,fk_1432,1
Rilpivirine,fk_1433,1
Riluzole,fk_1434,1
Rimantadine,fk_1435,1
Rimegepant,fk_1436,1
Rimexolone,fk_1437,1
Rimonabant,fk_1438,1
Riociguat,fk_1439,1
Ripretinib,fk_1440,1
Risankizumab,fk_1441,1
Risedronic acid,fk_1442,1
Risperidone,fk_1443,1
Ritodrine,fk_1444,1
Ritonavir,fk_1445,1
Rituximab,fk_1446,1
Rivaroxaban,fk_1447,1
Rivastigmine,fk_1448,1
Rizatriptan,fk_1449,1
Rocuronium,fk_1450,1
Rofecoxib,fk_1451,1
Rolapitant,fk_1452,1
Rolitetracycline,fk_1453,1
Romidepsin,fk_1454,1
Romiplostim,fk_1455,1
Romosozumab,fk_1456,1
Ropinirole,fk_1457,1
Ropivacaine,fk_1458,1
Rosiglitazone,fk_1459,1
Rosoxacin,fk_1460,1
Rosuvastatin,fk_1461,1
Rotigotine,fk_1462,1
Roxithromycin,fk_1463,1
Rucaparib,fk_1464,1
Rupatadine,fk_1465,1
Ruxolitinib,fk_1466,1
Sacituzumab govitecan,fk_1467,1
Sacubitril,fk_1468,1
Safinamide,fk_1469,1
Salbutamol,fk_1470,1
Salicylic acid,fk_1471,1
Salmeterol,fk_1472,1
Salsalate,fk_1473,1
Sapropterin,fk_1474,1
Saquinavir,fk_1475,1
Sargramostim,fk_1476,1
Sarilumab,fk_1477,1
Saxagliptin,fk_1478,1
Scopolamine,fk_1479,1
Secobarbital,fk_1480,1
Secretin human,fk_1481,1
Secukinumab,fk_1482,1
Segesterone acetate,fk_1483,1
Selegiline,fk_1484,1
Selexipag,fk_1485,1
Selinexor,fk_1486,1
Selpercatinib,fk_1487,1
Selumetinib,fk_1488,1
Semaglutide,fk_1489,1
Seractide acetate,fk_1490,1
Sermorelin,fk_1491,1
Sertaconazole,fk_1492,1
Sertindole,fk_1493,1
Sertraline,fk_1494,1
Sevoflurane,fk_1495,1
Sibutramine,fk_1496,1
Sildenafil,fk_1497,1
Silodosin,fk_1498,1
Siltuximab,fk_1499,1
Simeprevir,fk_1500,1
Simoctocog alfa,fk_1501,1
Simvastatin,fk_1502,1
Sipuleucel-T,fk_1503,1
Sirolimus,fk_1504,1
Sitagliptin,fk_1505,1
Sitaxentan,fk_1506,1
Sodium ferric gluconate complex,fk_1507,1
Sodium stibogluconate,fk_1508,1
Sodium sulfate,fk_1509,1
Sodium tetradecyl sulfate,fk_1510,1
Sofosbuvir,fk_1511,1
Solifenacin,fk_1512,1
Somatostatin,fk_1513,1
Somatotropin,fk_1514,1
Somatrem,fk_1515,1
Sorafenib,fk_1516,1
Sotalol,fk_1517,1
Soybean oil,fk_1518,1
Sparfloxacin,fk_1519,1
Spectinomycin,fk_1520,1
Spiramycin,fk_1521,1
Spirapril,fk_1522,1
Spironolactone,fk_1523,1
Stanozolol,fk_1524,1
Stavudine,fk_1525,1
Stiripentol,fk_1526,1
Streptokinase,fk_1527,1
Streptomycin,fk_1528,1
Streptozocin,fk_1529,1
Succinylcholine,fk_1530,1
Sucralfate,fk_1531,1
Sufentanil,fk_1532,1
Sulbactam,fk_1533,1
Sulfacetamide,fk_1534,1
Sulfacytine,fk_1535,1
Sulfadiazine,fk_1536,1
Sulfadoxine,fk_1537,1
Sulfamerazine,fk_1538,1
Sulfameter,fk_1539,1
Sulfamethazine,fk_1540,1
Sulfamethizole,fk_1541,1
Sulfamethoxazole,fk_1542,1
Sulfametopyrazine,fk_1543,1
Sulfanilamide,fk_1544,1
Sulfaphenazole,fk_1545,1
Sulfasalazine,fk_1546,1
Sulfathiazole,fk_1547,1
Sulfinpyrazone,fk_1548,1
Sulfisoxazole,fk_1549,1
Sulfoxone,fk_1550,1
Sulindac,fk_1551,1
Sulodexide,fk_1552,1
Sulpiride,fk_1553,1
Sumatriptan,fk_1554,1
Sunitinib,fk_1555,1
Suprofen,fk_1556,1
Susoctocog alfa,fk_1557,1
Suvorexant,fk_1558,1
"Synthetic Conjugated Estrogens, A",fk_1559,1
"Synthetic Conjugated Estrogens, B",fk_1560,1
Tacrine,fk_1561,1
Tacrolimus,fk_1562,1
Tadalafil,fk_1563,1
Tafamidis,fk_1564,1
Tafluprost,fk_1565,1
Tagraxofusp,fk_1566,1
Talazoparib,fk_1567,1
Talbutal,fk_1568,1
Talimogene laherparepvec,fk_1569,1
Tamoxifen,fk_1570,1
Tamsulosin,fk_1571,1
Tapentadol,fk_1572,1
Tasimelteon,fk_1573,1
Tasonermin,fk_1574,1
Taurine,fk_1575,1
Tavaborole,fk_1576,1
Tazarotene,fk_1577,1
Tazemetostat,fk_1578,1
Tazobactam,fk_1579,1
Technetium Tc-99m nofetumomab merpentan,fk_1580,1
Technetium Tc-99m tilmanocept,fk_1581,1
Tecovirimat,fk_1582,1
Teduglutide,fk_1583,1
Tegafur,fk_1584,1
Tegafur-uracil,fk_1585,1
Tegaserod,fk_1586,1
Telaprevir,fk_1587,1
Telbivudine,fk_1588,1
Telmisartan,fk_1589,1
Telotristat ethyl,fk_1590,1
Temazepam,fk_1591,1
Temsirolimus,fk_1592,1
Tenapanor,fk_1593,1
Tenecteplase,fk_1594,1
Teniposide,fk_1595,1
Tenofovir alafenamide,fk_1596,1
Tenofovir disoproxil,fk_1597,1
Tenoxicam,fk_1598,1
Terazosin,fk_1599,1
Terbinafine,fk_1600,1
Terbutaline,fk_1601,1
Terconazole,fk_1602,1
Terfenadine,fk_1603,1
Terlipressin,fk_1604,1
Tesamorelin,fk_1605,1
Testolactone,fk_1606,1
Testosterone,fk_1607,1
Testosterone cypionate,fk_1608,1
Testosterone enanthate,fk_1609,1
Testosterone propionate,fk_1610,1
Testosterone undecanoate,fk_1611,1
"Tetanus immune globulin, human",fk_1612,1
Tetrabenazine,fk_1613,1
Tetracaine,fk_1614,1
Tetracosactide,fk_1615,1
Tetracycline,fk_1616,1
Tetradecyl hydrogen sulfate (ester),fk_1617,1
Tetraferric tricitrate decahydrate,fk_1618,1
Tetryzoline,fk_1619,1
Tezacaftor,fk_1620,1
Thalidomide,fk_1621,1
Theophylline,fk_1622,1
Thiabendazole,fk_1623,1
Thiamine,fk_1624,1
Thiamylal,fk_1625,1
Thiopental,fk_1626,1
Thioridazine,fk_1627,1
Thiothixene,fk_1628,1
Thonzonium,fk_1629,1
Thonzylamine,fk_1630,1
Thrombin,fk_1631,1
Thrombin alfa,fk_1632,1
Thrombomodulin Alfa,fk_1633,1
Thyrotropin alfa,fk_1634,1
Tiagabine,fk_1635,1
Tiaprofenic acid,fk_1636,1
Tibolone,fk_1637,1
Ticagrelor,fk_1638,1
Ticarcillin,fk_1639,1
Ticlopidine,fk_1640,1
Tigecycline,fk_1641,1
Tildrakizumab,fk_1642,1
Timolol,fk_1643,1
Tinzaparin,fk_1644,1
Tioconazole,fk_1645,1
Tiotropium,fk_1646,1
Tipiracil,fk_1647,1
Tipranavir,fk_1648,1
Tirofiban,fk_1649,1
Tisagenlecleucel,fk_1650,1
Tixocortol,fk_1651,1
Tobramycin,fk_1652,1
Tocainide,fk_1653,1
Tocilizumab,fk_1654,1
Tofacitinib,fk_1655,1
Tolazamide,fk_1656,1
Tolazoline,fk_1657,1
Tolbutamide,fk_1658,1
Tolcapone,fk_1659,1
Tolfenamic acid,fk_1660,1
Tolmetin,fk_1661,1
Tolnaftate,fk_1662,1
Tolterodine,fk_1663,1
Tolvaptan,fk_1664,1
Topiramate,fk_1665,1
Topotecan,fk_1666,1
Torasemide,fk_1667,1
Toremifene,fk_1668,1
Tositumomab,fk_1669,1
Tramadol,fk_1670,1
Trametinib,fk_1671,1
Trandolapril,fk_1672,1
Tranexamic acid,fk_1673,1
Tranylcypromine,fk_1674,1
Trastuzumab,fk_1675,1
Trastuzumab deruxtecan,fk_1676,1
Trastuzumab emtansine,fk_1677,1
Travoprost,fk_1678,1
Trazodone,fk_1679,1
Treprostinil,fk_1680,1
Tretinoin,fk_1681,1
Triamcinolone,fk_1682,1
Triamterene,fk_1683,1
Triazolam,fk_1684,1
Trichlormethiazide,fk_1685,1
Triclocarban,fk_1686,1
Trifarotene,fk_1687,1
Trifluoperazine,fk_1688,1
Triflupromazine,fk_1689,1
Trifluridine,fk_1690,1
Triflusal,fk_1691,1
Trihexyphenidyl,fk_1692,1
Trilostane,fk_1693,1
Trimebutine,fk_1694,1
Trimetazidine,fk_1695,1
Trimethadione,fk_1696,1
Trimethaphan,fk_1697,1
Trimethoprim,fk_1698,1
Trimetrexate,fk_1699,1
Trimipramine,fk_1700,1
Tripelennamine,fk_1701,1
Triprolidine,fk_1702,1
Triptorelin,fk_1703,1
Troglitazone,fk_1704,1
Trolamine salicylate,fk_1705,1
Troleandomycin,fk_1706,1
Tropicamide,fk_1707,1
Tropisetron,fk_1708,1
Trovafloxacin,fk_1709,1
Tuberculin purified protein derivative,fk_1710,1
Tubocurarine,fk_1711,1
Tucatinib,fk_1712,1
Turoctocog alfa,fk_1713,1
Turoctocog alfa pegol,fk_1714,1
Tyloxapol,fk_1715,1
Ubidecarenone,fk_1716,1
Ubrogepant,fk_1717,1
Udenafil,fk_1718,1
Ulipristal,fk_1719,1
Ulobetasol,fk_1720,1
Umeclidinium,fk_1721,1
Upadacitinib,fk_1722,1
Urea,fk_1723,1
Urea C-13,fk_1724,1
Urea C-14,fk_1725,1
Urofollitropin,fk_1726,1
Urokinase,fk_1727,1
Ursodeoxycholic acid,fk_1728,1
Ustekinumab,fk_1729,1
Vaborbactam,fk_1730,1
Valaciclovir,fk_1731,1
Valbenazine,fk_1732,1
Valdecoxib,fk_1733,1
Valproic acid,fk_1734,1
Valrubicin,fk_1735,1
Valsartan,fk_1736,1
Vardenafil,fk_1737,1
Varenicline,fk_1738,1
Vasopressin,fk_1739,1
Vecuronium,fk_1740,1
Vedolizumab,fk_1741,1
Velpatasvir,fk_1742,1
Vemurafenib,fk_1743,1
Venetoclax,fk_1744,1
Venlafaxine,fk_1745,1
Verapamil,fk_1746,1
Vernakalant,fk_1747,1
Vidarabine,fk_1748,1
Vigabatrin,fk_1749,1
Vilanterol,fk_1750,1
Vilazodone,fk_1751,1
Vildagliptin,fk_1752,1
Viloxazine,fk_1753,1
Vinblastine,fk_1754,1
Vincristine,fk_1755,1
Vindesine,fk_1756,1
Vinflunine,fk_1757,1
Vinorelbine,fk_1758,1
Viomycin,fk_1759,1
Vismodegib,fk_1760,1
Von Willebrand factor human,fk_1761,1
Vonicog alfa,fk_1762,1
Vorapaxar,fk_1763,1
Voretigene neparvovec,fk_1764,1
Voriconazole,fk_1765,1
Vorinostat,fk_1766,1
Vortioxetine,fk_1767,1
Voxelotor,fk_1768,1
Voxilaprevir,fk_1769,1
Warfarin,fk_1770,1
Xamoterol,fk_1771,1
Xanthinol,fk_1772,1
Ximelagatran,fk_1773,1
Xylometazoline,fk_1774,1
Yohimbine,fk_1775,1
Zafirlukast,fk_1776,1
Zalcitabine,fk_1777,1
Zaleplon,fk_1778,1
Zanamivir,fk_1779,1
Zanubrutinib,fk_1780,1
Ziconotide,fk_1781,1
Zidovudine,fk_1782,1
Zileuton,fk_1783,1
Ziprasidone,fk_1784,1
Zofenopril,fk_1785,1
Zoledronic acid,fk_1786,1
Zolmitriptan,fk_1787,1
Zolpidem,fk_1788,1
Zonisamide,fk_1789,1
Zopiclone,fk_1790,1
Zotepine,fk_1791,1
Zucapsaicin,fk_1792,1
Zuclopenthixol,fk_1793,1
alpha-Linolenic acid,fk_1794,1
gamma-Hydroxybutyric acid,fk_1795,1
