"source","dest","weight"
"abacavir","v_1",1
"abaloparatide","v_2",1
"abarelix","v_3",1
"abatacept","v_4",1
"abciximab","v_5",1
"abemaciclib","v_6",1
"abiraterone","v_7",1
"acalabrutinib","v_8",1
"acamprosate","v_9",1
"acarbose","v_10",1
"acebutolol","v_11",1
"aceclofenac","v_12",1
"acemetacin","v_13",1
"acenocoumarol","v_14",1
"acetaminophen","v_15",1
"acetazolamide","v_16",1
"acetohexamide","v_17",1
"acetohydroxamic acid","v_18",1
"acetophenazine","v_19",1
"acetyl sulfisoxazole","v_20",1
"acetylcysteine","v_21",1
"acetyldigitoxin","v_22",1
"acetylsalicylic acid","v_23",1
"acitretin","v_24",1
"aclidinium","v_25",1
"acrivastine","v_26",1
"acyclovir","v_27",1
"adalimumab","v_28",1
"adapalene","v_29",1
"adefovir dipivoxil","v_30",1
"adenosine","v_31",1
"adenosine phosphate","v_32",1
"afamelanotide","v_33",1
"afatinib","v_34",1
"aflibercept","v_35",1
"agkistrodon piscivorus antivenin","v_36",1
"agomelatine","v_37",1
"ajmaline","v_38",1
"albendazole","v_39",1
"albiglutide","v_40",1
"albutrepenonacog alfa","v_41",1
"alclofenac","v_42",1
"alclometasone","v_43",1
"aldesleukin","v_44",1
"alectinib","v_45",1
"alefacept","v_46",1
"alemtuzumab","v_47",1
"alendronic acid","v_48",1
"alfacalcidol","v_49",1
"alfentanil","v_50",1
"alfuzosin","v_51",1
"alglucosidase alfa","v_52",1
"alimemazine","v_53",1
"alirocumab","v_54",1
"aliskiren","v_55",1
"alitretinoin","v_56",1
"allopurinol","v_57",1
"almitrine","v_58",1
"alogliptin","v_59",1
"alosetron","v_60",1
"alpelisib","v_61",1
"alpha-1-proteinase inhibitor","v_62",1
"alprazolam","v_63",1
"alprostadil","v_64",1
"alteplase","v_65",1
"alverine","v_66",1
"alvimopan","v_67",1
"amantadine","v_68",1
"ambenonium","v_69",1
"ambrisentan","v_70",1
"amcinonide","v_71",1
"amifampridine","v_72",1
"amifostine","v_73",1
"amikacin","v_74",1
"amiloride","v_75",1
"aminocaproic acid","v_76",1
"aminoglutethimide","v_77",1
"aminolevulinic acid","v_78",1
"aminophylline","v_79",1
"amiodarone","v_80",1
"amisulpride","v_81",1
"amitriptyline","v_82",1
"amlodipine","v_83",1
"amobarbital","v_84",1
"amoxapine","v_85",1
"amphetamine","v_86",1
"ampicillin","v_87",1
"amprenavir","v_88",1
"amrinone","v_89",1
"amsacrine","v_90",1
"amyl nitrite","v_91",1
"amylocaine","v_92",1
"anagrelide","v_93",1
"anakinra","v_94",1
"anastrozole","v_95",1
"ancestim","v_96",1
"andexanet alfa","v_97",1
"angiotensin ii","v_98",1
"anidulafungin","v_99",1
"anileridine","v_100",1
"anisindione","v_101",1
"anisotropine methylbromide","v_102",1
"anistreplase","v_103",1
"antazoline","v_104",1
"anthralin","v_105",1
"anthrax immune globulin human","v_106",1
"anti-inhibitor coagulant complex","v_107",1
"antihemophilic factor (recombinant), pegylated","v_108",1
"antihemophilic factor human","v_109",1
"antihemophilic factor, human recombinant","v_110",1
"antithrombin alfa","v_111",1
"antithymocyte immunoglobulin (rabbit)","v_112",1
"apalutamide","v_113",1
"apixaban","v_114",1
"apomorphine","v_115",1
"apraclonidine","v_116",1
"apremilast","v_117",1
"aprepitant","v_118",1
"arbutamine","v_119",1
"arbutin","v_120",1
"ardeparin","v_121",1
"arformoterol","v_122",1
"argatroban","v_123",1
"aripiprazole","v_124",1
"aripiprazole lauroxil","v_125",1
"armodafinil","v_126",1
"arsenic trioxide","v_127",1
"artesunate","v_128",1
"asenapine","v_129",1
"asfotase alfa","v_130",1
"asparagine","v_131",1
"astemizole","v_132",1
"asunaprevir","v_133",1
"atazanavir","v_134",1
"atenolol","v_135",1
"atezolizumab","v_136",1
"atomoxetine","v_137",1
"atorvastatin","v_138",1
"atosiban","v_139",1
"atovaquone","v_140",1
"atracurium besylate","v_141",1
"atropine","v_142",1
"auranofin","v_143",1
"avanafil","v_144",1
"avatrombopag","v_145",1
"avelumab","v_146",1
"avibactam","v_147",1
"axicabtagene ciloleucel","v_148",1
"axitinib","v_149",1
"azacitidine","v_150",1
"azatadine","v_151",1
"azelaic acid","v_152",1
"azelastine","v_153",1
"azilsartan medoxomil","v_154",1
"azlocillin","v_155",1
"aztreonam","v_156",1
"bacampicillin","v_157",1
"bacitracin","v_158",1
"baclofen","v_159",1
"balsalazide","v_160",1
"baricitinib","v_161",1
"basiliximab","v_162",1
"bazedoxifene","v_163",1
"becaplermin","v_164",1
"beclomethasone dipropionate","v_165",1
"bedaquiline","v_166",1
"belatacept","v_167",1
"belimumab","v_168",1
"belinostat","v_169",1
"bemiparin","v_170",1
"bempedoic acid","v_171",1
"benazepril","v_172",1
"bendroflumethiazide","v_173",1
"benralizumab","v_174",1
"benserazide","v_175",1
"benzatropine","v_176",1
"benzocaine","v_177",1
"benzphetamine","v_178",1
"benzthiazide","v_179",1
"benzylpenicilloyl polylysine","v_180",1
"bepotastine","v_181",1
"bepridil","v_182",1
"besifloxacin","v_183",1
"betahistine","v_184",1
"betamethasone","v_185",1
"betaxolol","v_186",1
"betazole","v_187",1
"bethanechol","v_188",1
"bethanidine","v_189",1
"betrixaban","v_190",1
"bevacizumab","v_191",1
"bexarotene","v_192",1
"bezafibrate","v_193",1
"bezlotoxumab","v_194",1
"bicalutamide","v_195",1
"bictegravir","v_196",1
"bifonazole","v_197",1
"bilastine","v_198",1
"bimatoprost","v_199",1
"binimetinib","v_200",1
"bioallethrin","v_201",1
"biperiden","v_202",1
"bisoprolol","v_203",1
"bivalirudin","v_204",1
"blinatumomab","v_205",1
"boceprevir","v_206",1
"bortezomib","v_207",1
"bosentan","v_208",1
"bosutinib","v_209",1
"botulinum toxin type a","v_210",1
"botulinum toxin type b","v_211",1
"brentuximab vedotin","v_212",1
"bretylium","v_213",1
"brexanolone","v_214",1
"brexpiprazole","v_215",1
"brigatinib","v_216",1
"brimonidine","v_217",1
"brinzolamide","v_218",1
"brivaracetam","v_219",1
"brivudine","v_220",1
"brolucizumab","v_221",1
"bromazepam","v_222",1
"bromfenac","v_223",1
"bromocriptine","v_224",1
"bromodiphenhydramine","v_225",1
"brompheniramine","v_226",1
"buclizine","v_227",1
"budesonide","v_228",1
"bufexamac","v_229",1
"bumetanide","v_230",1
"bupivacaine","v_231",1
"buprenorphine","v_232",1
"bupropion","v_233",1
"burosumab","v_234",1
"buserelin","v_235",1
"buspirone","v_236",1
"butabarbital","v_237",1
"butalbital","v_238",1
"butamben","v_239",1
"butenafine","v_240",1
"butobarbital","v_241",1
"butorphanol","v_242",1
"butriptyline","v_243",1
"butylscopolamine","v_244",1
"cabazitaxel","v_245",1
"cabergoline","v_246",1
"cabozantinib","v_247",1
"caffeine","v_248",1
"calcifediol","v_249",1
"calcitriol","v_250",1
"calcium phosphate","v_251",1
"calcium carbimide","v_252",1
"calcium citrate","v_253",1
"calcium phosphate dihydrate","v_254",1
"camphor","v_255",1
"canagliflozin","v_256",1
"canakinumab","v_257",1
"candesartan cilexetil","v_258",1
"cangrelor","v_259",1
"cannabidiol","v_260",1
"capecitabine","v_261",1
"capmatinib","v_262",1
"capreomycin","v_263",1
"capromab pendetide","v_264",1
"capsaicin","v_265",1
"capsicum oleoresin","v_266",1
"captopril","v_267",1
"carbamazepine","v_268",1
"carbamoylcholine","v_269",1
"carbenicillin","v_270",1
"carbetocin","v_271",1
"carbidopa","v_272",1
"carbimazole","v_273",1
"carbinoxamine","v_274",1
"carbon monoxide","v_275",1
"carboprost tromethamine","v_276",1
"carfilzomib","v_277",1
"carglumic acid","v_278",1
"carindacillin","v_279",1
"cariprazine","v_280",1
"carmustine","v_281",1
"carprofen","v_282",1
"carteolol","v_283",1
"carvedilol","v_284",1
"caspofungin","v_285",1
"castor oil","v_286",1
"catridecacog","v_287",1
"catumaxomab","v_288",1
"cefaclor","v_289",1
"cefadroxil","v_290",1
"cefalotin","v_291",1
"cefamandole","v_292",1
"cefapirin","v_293",1
"cefazolin","v_294",1
"cefdinir","v_295",1
"cefditoren","v_296",1
"cefepime","v_297",1
"cefiderocol","v_298",1
"cefixime","v_299",1
"cefmenoxime","v_300",1
"cefmetazole","v_301",1
"cefonicid","v_302",1
"cefoperazone","v_303",1
"ceforanide","v_304",1
"cefotaxime","v_305",1
"cefotetan","v_306",1
"cefotiam","v_307",1
"cefoxitin","v_308",1
"cefpiramide","v_309",1
"cefpodoxime","v_310",1
"cefprozil","v_311",1
"cefradine","v_312",1
"ceftazidime","v_313",1
"ceftibuten","v_314",1
"ceftizoxime","v_315",1
"ceftolozane","v_316",1
"ceftriaxone","v_317",1
"cefuroxime","v_318",1
"celecoxib","v_319",1
"celiprolol","v_320",1
"cemiplimab","v_321",1
"cephalexin","v_322",1
"cephaloglycin","v_323",1
"ceritinib","v_324",1
"cerivastatin","v_325",1
"certolizumab pegol","v_326",1
"ceruletide","v_327",1
"cetirizine","v_328",1
"cetrorelix","v_329",1
"cetuximab","v_330",1
"cevimeline","v_331",1
"chlorcyclizine","v_332",1
"chlordiazepoxide","v_333",1
"chlormerodrin","v_334",1
"chlormezanone","v_335",1
"chloroprocaine","v_336",1
"chlorothiazide","v_337",1
"chlorpheniramine","v_338",1
"chlorpromazine","v_339",1
"chlorpropamide","v_340",1
"chlorprothixene","v_341",1
"chlortetracycline","v_342",1
"chlorthalidone","v_343",1
"chlorzoxazone","v_344",1
"cholecalciferol","v_345",1
"choriogonadotropin alfa","v_346",1
"chorionic gonadotropin (human)","v_347",1
"chromic chloride","v_348",1
"chymopapain","v_349",1
"ciclesonide","v_350",1
"ciclopirox","v_351",1
"cidofovir","v_352",1
"cilastatin","v_353",1
"cilazapril","v_354",1
"cilostazol","v_355",1
"cimetidine","v_356",1
"cinacalcet","v_357",1
"cinchocaine","v_358",1
"cinnarizine","v_359",1
"cinoxacin","v_360",1
"ciprofloxacin","v_361",1
"cisapride","v_362",1
"cisatracurium","v_363",1
"citalopram","v_364",1
"citric acid","v_365",1
"cladribine","v_366",1
"clarithromycin","v_367",1
"clemastine","v_368",1
"clenbuterol","v_369",1
"clidinium","v_370",1
"clindamycin","v_371",1
"clobazam","v_372",1
"clobetasol propionate","v_373",1
"clobetasone","v_374",1
"clocortolone","v_375",1
"clodronic acid","v_376",1
"clofarabine","v_377",1
"clofedanol","v_378",1
"clofibrate","v_379",1
"clomifene","v_380",1
"clomipramine","v_381",1
"clonazepam","v_382",1
"clonidine","v_383",1
"clopidogrel","v_384",1
"clorazepic acid","v_385",1
"clotiazepam","v_386",1
"clotrimazole","v_387",1
"cloxacillin","v_388",1
"clozapine","v_389",1
"coagulation factor ix (recombinant)","v_390",1
"coagulation factor ix human","v_391",1
"coagulation factor vii human","v_392",1
"cobimetinib","v_393",1
"cocaine","v_394",1
"codeine","v_395",1
"colchicine","v_396",1
"conestat alfa","v_397",1
"conivaptan","v_398",1
"conjugated estrogens","v_399",1
"copanlisib","v_400",1
"corifollitropin alfa","v_401",1
"corticorelin ovine triflutate","v_402",1
"corticotropin","v_403",1
"cortisone acetate","v_404",1
"creatine","v_405",1
"crizanlizumab","v_406",1
"crizotinib","v_407",1
"crofelemer","v_408",1
"crotalus adamanteus antivenin","v_409",1
"cryptenamine","v_410",1
"cyanocobalamin","v_411",1
"cyclacillin","v_412",1
"cyclizine","v_413",1
"cyclobenzaprine","v_414",1
"cyclopentolate","v_415",1
"cycloserine","v_416",1
"cyclosporine","v_417",1
"cyclothiazide","v_418",1
"cycrimine","v_419",1
"cyproheptadine","v_420",1
"cyproterone acetate","v_421",1
"cytarabine","v_422",1
"dl-methylephedrine","v_423",1
"dabigatran etexilate","v_424",1
"dabrafenib","v_425",1
"daclatasvir","v_426",1
"dacomitinib","v_427",1
"dalfampridine","v_428",1
"dalfopristin","v_429",1
"dalteparin","v_430",1
"damoctocog alfa pegol","v_431",1
"danaparoid","v_432",1
"danazol","v_433",1
"dantrolene","v_434",1
"dapagliflozin","v_435",1
"dapiprazole","v_436",1
"dapsone","v_437",1
"darbepoetin alfa","v_438",1
"darifenacin","v_439",1
"darolutamide","v_440",1
"darunavir","v_441",1
"dasabuvir","v_442",1
"dasatinib","v_443",1
"daunorubicin","v_444",1
"debrisoquine","v_445",1
"decamethonium","v_446",1
"decitabine","v_447",1
"degarelix","v_448",1
"delafloxacin","v_449",1
"delavirdine","v_450",1
"demecarium","v_451",1
"denileukin diftitox","v_452",1
"denosumab","v_453",1
"dequalinium","v_454",1
"deserpidine","v_455",1
"desflurane","v_456",1
"desipramine","v_457",1
"deslanoside","v_458",1
"desloratadine","v_459",1
"desmopressin","v_460",1
"desogestrel","v_461",1
"desonide","v_462",1
"desoximetasone","v_463",1
"desvenlafaxine","v_464",1
"deutetrabenazine","v_465",1
"dexamethasone","v_466",1
"dexamethasone acetate","v_467",1
"dexbrompheniramine","v_468",1
"dexchlorpheniramine maleate","v_469",1
"dexfenfluramine","v_470",1
"dexibuprofen","v_471",1
"dexlansoprazole","v_472",1
"dexmedetomidine","v_473",1
"dexmethylphenidate","v_474",1
"dexrazoxane","v_475",1
"dextroamphetamine","v_476",1
"dextromethorphan","v_477",1
"dextropropoxyphene","v_478",1
"dextrothyroxine","v_479",1
"dezocine","v_480",1
"diamorphine","v_481",1
"diazepam","v_482",1
"diazoxide","v_483",1
"dibotermin alfa","v_484",1
"dichloroacetic acid","v_485",1
"dichlorobenzyl alcohol","v_486",1
"diclofenac","v_487",1
"diclofenamide","v_488",1
"dicloxacillin","v_489",1
"dicoumarol","v_490",1
"dicyclomine","v_491",1
"didanosine","v_492",1
"dienestrol","v_493",1
"dienogest","v_494",1
"diethylcarbamazine","v_495",1
"diethylpropion","v_496",1
"diethylstilbestrol","v_497",1
"diflorasone","v_498",1
"diflunisal","v_499",1
"difluocortolone","v_500",1
"difluprednate","v_501",1
"digitoxin","v_502",1
"digoxin","v_503",1
"dihydro-alpha-ergocryptine","v_504",1
"dihydroergocornine","v_505",1
"dihydroergocristine","v_506",1
"dihydroergotamine","v_507",1
"dihydrotachysterol","v_508",1
"diltiazem","v_509",1
"dimenhydrinate","v_510",1
"dimethyl fumarate","v_511",1
"dimetindene","v_512",1
"dinoprost tromethamine","v_513",1
"dinoprostone","v_514",1
"diphemanil","v_515",1
"diphenhydramine","v_516",1
"diphenidol","v_517",1
"diphenoxylate","v_518",1
"diphenylpyraline","v_519",1
"dipivefrin","v_520",1
"dipyridamole","v_521",1
"disopyramide","v_522",1
"disulfiram","v_523",1
"dobutamine","v_524",1
"docetaxel","v_525",1
"doconexent","v_526",1
"docosanol","v_527",1
"dofetilide","v_528",1
"dolasetron","v_529",1
"dolutegravir","v_530",1
"domperidone","v_531",1
"donepezil","v_532",1
"dopamine","v_533",1
"doripenem","v_534",1
"dorzolamide","v_535",1
"dosulepin","v_536",1
"dotatate gallium ga-68","v_537",1
"doxacurium","v_538",1
"doxapram","v_539",1
"doxazosin","v_540",1
"doxepin","v_541",1
"doxorubicin","v_542",1
"doxylamine","v_543",1
"dronabinol","v_544",1
"dronedarone","v_545",1
"droperidol","v_546",1
"drospirenone","v_547",1
"drotaverine","v_548",1
"drotrecogin alfa","v_549",1
"droxidopa","v_550",1
"dulaglutide","v_551",1
"duloxetine","v_552",1
"dupilumab","v_553",1
"durvalumab","v_554",1
"dutasteride","v_555",1
"duvelisib","v_556",1
"dyclonine","v_557",1
"dydrogesterone","v_558",1
"dyphylline","v_559",1
"ecallantide","v_560",1
"echothiophate","v_561",1
"econazole","v_562",1
"eculizumab","v_563",1
"edotreotide gallium ga-68","v_564",1
"edoxaban","v_565",1
"edoxudine","v_566",1
"edrophonium","v_567",1
"efalizumab","v_568",1
"efavirenz","v_569",1
"efinaconazole","v_570",1
"eflornithine","v_571",1
"efmoroctocog alfa","v_572",1
"elbasvir","v_573",1
"eletriptan","v_574",1
"elexacaftor","v_575",1
"eliglustat","v_576",1
"elotuzumab","v_577",1
"eluxadoline","v_578",1
"elvitegravir","v_579",1
"emapalumab","v_580",1
"emedastine","v_581",1
"emicizumab","v_582",1
"empagliflozin","v_583",1
"emtricitabine","v_584",1
"enalapril","v_585",1
"enalaprilat","v_586",1
"enasidenib","v_587",1
"encainide","v_588",1
"encorafenib","v_589",1
"enflurane","v_590",1
"enfuvirtide","v_591",1
"enoxacin","v_592",1
"enoxaparin","v_593",1
"enoximone","v_594",1
"enprofylline","v_595",1
"entacapone","v_596",1
"entrectinib","v_597",1
"enzalutamide","v_598",1
"ephedrine","v_599",1
"epicriptine","v_600",1
"epinastine","v_601",1
"epinephrine","v_602",1
"eplerenone","v_603",1
"epoprostenol","v_604",1
"eprosartan","v_605",1
"eptifibatide","v_606",1
"eptinezumab","v_607",1
"equine botulinum neurotoxin a immune fab2","v_608",1
"equine botulinum neurotoxin b immune fab2","v_609",1
"equine botulinum neurotoxin c immune fab2","v_610",1
"equine botulinum neurotoxin d immune fab2","v_611",1
"equine botulinum neurotoxin e immune fab2","v_612",1
"equine botulinum neurotoxin f immune fab2","v_613",1
"equine botulinum neurotoxin g immune fab2","v_614",1
"eravacycline","v_615",1
"erdafitinib","v_616",1
"ergocalciferol","v_617",1
"ergoloid mesylate","v_618",1
"ergometrine","v_619",1
"ergotamine","v_620",1
"erlotinib","v_621",1
"ertapenem","v_622",1
"ertugliflozin","v_623",1
"erythrityl tetranitrate","v_624",1
"erythropoietin","v_625",1
"escitalopram","v_626",1
"eslicarbazepine","v_627",1
"eslicarbazepine acetate","v_628",1
"esmolol","v_629",1
"esomeprazole","v_630",1
"estazolam","v_631",1
"estradiol","v_632",1
"estradiol acetate","v_633",1
"estradiol benzoate","v_634",1
"estradiol cypionate","v_635",1
"estradiol dienanthate","v_636",1
"estradiol valerate","v_637",1
"estramustine","v_638",1
"estriol","v_639",1
"estrone","v_640",1
"estrone sulfate","v_641",1
"eszopiclone","v_642",1
"etacrynic acid","v_643",1
"etafedrine","v_644",1
"etanercept","v_645",1
"etelcalcetide","v_646",1
"ethambutol","v_647",1
"ethanol","v_648",1
"ethchlorvynol","v_649",1
"ethinamate","v_650",1
"ethinylestradiol","v_651",1
"ethionamide","v_652",1
"ethosuximide","v_653",1
"ethotoin","v_654",1
"ethynodiol diacetate","v_655",1
"etodolac","v_656",1
"etomidate","v_657",1
"etonogestrel","v_658",1
"etoposide","v_659",1
"etoricoxib","v_660",1
"everolimus","v_661",1
"exemestane","v_662",1
"exenatide","v_663",1
"ezetimibe","v_664",1
"famciclovir","v_665",1
"famotidine","v_666",1
"favipiravir","v_667",1
"febuxostat","v_668",1
"fedratinib","v_669",1
"felbamate","v_670",1
"felodipine","v_671",1
"fenfluramine","v_672",1
"fenofibrate","v_673",1
"fenofibric acid","v_674",1
"fenoldopam","v_675",1
"fenoprofen","v_676",1
"fenoterol","v_677",1
"fentanyl","v_678",1
"ferric cation","v_679",1
"ferric pyrophosphate citrate","v_680",1
"ferrous sulfate anhydrous","v_681",1
"fesoterodine","v_682",1
"fexofenadine","v_683",1
"fidaxomicin","v_684",1
"filgrastim","v_685",1
"finafloxacin","v_686",1
"finasteride","v_687",1
"fingolimod","v_688",1
"fish oil","v_689",1
"flavoxate","v_690",1
"flecainide","v_691",1
"flibanserin","v_692",1
"florbetaben (18f)","v_693",1
"florbetapir (18f)","v_694",1
"flortaucipir f-18","v_695",1
"floxuridine","v_696",1
"fluciclovine (18f)","v_697",1
"flucloxacillin","v_698",1
"fluconazole","v_699",1
"fludarabine","v_700",1
"fludrocortisone","v_701",1
"flumazenil","v_702",1
"flumethasone","v_703",1
"flunarizine","v_704",1
"flunisolide","v_705",1
"flunitrazepam","v_706",1
"fluocinolone acetonide","v_707",1
"fluocinonide","v_708",1
"fluorometholone","v_709",1
"fluorouracil","v_710",1
"fluoxetine","v_711",1
"fluoxymesterone","v_712",1
"flupentixol","v_713",1
"fluphenazine","v_714",1
"flurandrenolide","v_715",1
"flurazepam","v_716",1
"flurbiprofen","v_717",1
"fluspirilene","v_718",1
"flutamide","v_719",1
"flutemetamol (18f)","v_720",1
"fluticasone","v_721",1
"fluticasone furoate","v_722",1
"fluticasone propionate","v_723",1
"fluvastatin","v_724",1
"fluvoxamine","v_725",1
"follitropin","v_726",1
"fomepizole","v_727",1
"fomivirsen","v_728",1
"fondaparinux","v_729",1
"foreskin fibroblast (neonatal)","v_730",1
"foreskin keratinocyte (neonatal)","v_731",1
"formoterol","v_732",1
"fosamprenavir","v_733",1
"foscarnet","v_734",1
"fosfomycin","v_735",1
"fosinopril","v_736",1
"fosnetupitant","v_737",1
"fosphenytoin","v_738",1
"fospropofol","v_739",1
"fostamatinib","v_740",1
"framycetin","v_741",1
"fremanezumab","v_742",1
"frovatriptan","v_743",1
"fulvestrant","v_744",1
"furosemide","v_745",1
"fusidic acid","v_746",1
"gabapentin","v_747",1
"galantamine","v_748",1
"galcanezumab","v_749",1
"gallamine triethiodide","v_750",1
"gallium nitrate","v_751",1
"galsulfase","v_752",1
"ganciclovir","v_753",1
"ganirelix","v_754",1
"gatifloxacin","v_755",1
"gefitinib","v_756",1
"gemcitabine","v_757",1
"gemeprost","v_758",1
"gemfibrozil","v_759",1
"gemifloxacin","v_760",1
"gemtuzumab ozogamicin","v_761",1
"gentamicin","v_762",1
"gilteritinib","v_763",1
"glasdegib","v_764",1
"glecaprevir","v_765",1
"gliclazide","v_766",1
"glimepiride","v_767",1
"glipizide","v_768",1
"gliquidone","v_769",1
"glucagon","v_770",1
"glucosamine","v_771",1
"glutethimide","v_772",1
"glyburide","v_773",1
"glycerin","v_774",1
"glycol salicylate","v_775",1
"glycopyrronium","v_776",1
"glycyrrhizic acid","v_777",1
"glymidine","v_778",1
"golimumab","v_779",1
"golodirsen","v_780",1
"gonadorelin","v_781",1
"goserelin","v_782",1
"granisetron","v_783",1
"grazoprevir","v_784",1
"grepafloxacin","v_785",1
"griseofulvin","v_786",1
"guanabenz","v_787",1
"guanadrel","v_788",1
"guanethidine","v_789",1
"guanfacine","v_790",1
"guanidine","v_791",1
"guselkumab","v_792",1
"halazepam","v_793",1
"halofantrine","v_794",1
"haloperidol","v_795",1
"halothane","v_796",1
"heparin","v_797",1
"hetacillin","v_798",1
"hexachlorophene","v_799",1
"hexafluronium","v_800",1
"hexocyclium","v_801",1
"hexylcaine","v_802",1
"histamine","v_803",1
"histrelin","v_804",1
"homatropine","v_805",1
"homatropine methylbromide","v_806",1
"human c1-esterase inhibitor","v_807",1
"human rho(d) immune globulin","v_808",1
"human calcitonin","v_809",1
"human immunoglobulin g","v_810",1
"human interferon beta","v_811",1
"human thrombin","v_812",1
"hyaluronic acid","v_813",1
"hydralazine","v_814",1
"hydrochlorothiazide","v_815",1
"hydrocodone","v_816",1
"hydrocortamate","v_817",1
"hydrocortisone","v_818",1
"hydrocortisone acetate","v_819",1
"hydrocortisone butyrate","v_820",1
"hydrocortisone cypionate","v_821",1
"hydrocortisone phosphate","v_822",1
"hydrocortisone probutate","v_823",1
"hydrocortisone valerate","v_824",1
"hydroflumethiazide","v_825",1
"hydromorphone","v_826",1
"hydroquinone","v_827",1
"hydroxocobalamin","v_828",1
"hydroxychloroquine","v_829",1
"hydroxyurea","v_830",1
"hydroxyzine","v_831",1
"hyoscyamine","v_832",1
"ibandronate","v_833",1
"ibritumomab tiuxetan","v_834",1
"ibrutinib","v_835",1
"ibuprofen","v_836",1
"ibutilide","v_837",1
"icatibant","v_838",1
"icosapent","v_839",1
"idarubicin","v_840",1
"idelalisib","v_841",1
"ifenprodil","v_842",1
"iloperidone","v_843",1
"iloprost","v_844",1
"imatinib","v_845",1
"imipenem","v_846",1
"imipramine","v_847",1
"imiquimod","v_848",1
"indacaterol","v_849",1
"indapamide","v_850",1
"indecainide","v_851",1
"indinavir","v_852",1
"indomethacin","v_853",1
"inebilizumab","v_854",1
"infliximab","v_855",1
"inositol nicotinate","v_856",1
"inotuzumab ozogamicin","v_857",1
"insulin aspart","v_858",1
"insulin degludec","v_859",1
"insulin detemir","v_860",1
"insulin glargine","v_861",1
"insulin glulisine","v_862",1
"insulin human","v_863",1
"insulin lispro","v_864",1
"insulin pork","v_865",1
"interferon alfa-2a","v_866",1
"interferon alfa-2b","v_867",1
"interferon alfa-n1","v_868",1
"interferon alfa-n3","v_869",1
"interferon alfacon-1","v_870",1
"interferon beta-1a","v_871",1
"interferon beta-1b","v_872",1
"interferon gamma-1b","v_873",1
"iodine","v_874",1
"iopodic acid","v_875",1
"ipilimumab","v_876",1
"ipratropium","v_877",1
"irbesartan","v_878",1
"irinotecan","v_879",1
"iron dextran","v_880",1
"isavuconazole","v_881",1
"isocarboxazid","v_882",1
"isoetharine","v_883",1
"isoflurane","v_884",1
"isoflurophate","v_885",1
"isometheptene","v_886",1
"isoniazid","v_887",1
"isoprenaline","v_888",1
"isopropamide","v_889",1
"isosorbide dinitrate","v_890",1
"isosorbide mononitrate","v_891",1
"isradipine","v_892",1
"istradefylline","v_893",1
"itraconazole","v_894",1
"ivacaftor","v_895",1
"ivermectin","v_896",1
"ivosidenib","v_897",1
"ixabepilone","v_898",1
"ixekizumab","v_899",1
"kanamycin","v_900",1
"ketamine","v_901",1
"ketazolam","v_902",1
"ketoconazole","v_903",1
"ketoprofen","v_904",1
"ketorolac","v_905",1
"ketotifen","v_906",1
"labetalol","v_907",1
"lacidipine","v_908",1
"lamivudine","v_909",1
"lamotrigine","v_910",1
"lanadelumab","v_911",1
"lansoprazole","v_912",1
"lapatinib","v_913",1
"larotrectinib","v_914",1
"lasmiditan","v_915",1
"lasofoxifene","v_916",1
"latamoxef","v_917",1
"latanoprost","v_918",1
"latanoprostene bunod","v_919",1
"ledipasvir","v_920",1
"lefamulin","v_921",1
"leflunomide","v_922",1
"lemborexant","v_923",1
"lenalidomide","v_924",1
"lenograstim","v_925",1
"lenvatinib","v_926",1
"lepirudin","v_927",1
"lercanidipine","v_928",1
"lesinurad","v_929",1
"letermovir","v_930",1
"letrozole","v_931",1
"leuprolide","v_932",1
"levacetylmethadol","v_933",1
"levallorphan","v_934",1
"levamisole","v_935",1
"levetiracetam","v_936",1
"levobetaxolol","v_937",1
"levobunolol","v_938",1
"levobupivacaine","v_939",1
"levocabastine","v_940",1
"levocetirizine","v_941",1
"levodopa","v_942",1
"levofloxacin","v_943",1
"levomenthol","v_944",1
"levomilnacipran","v_945",1
"levonordefrin","v_946",1
"levonorgestrel","v_947",1
"levorphanol","v_948",1
"levosalbutamol","v_949",1
"levosimendan","v_950",1
"levothyroxine","v_951",1
"lidocaine","v_952",1
"lifitegrast","v_953",1
"linaclotide","v_954",1
"linagliptin","v_955",1
"lincomycin","v_956",1
"lindane","v_957",1
"liothyronine","v_958",1
"liotrix","v_959",1
"lipegfilgrastim","v_960",1
"liraglutide","v_961",1
"lisinopril","v_962",1
"lisuride","v_963",1
"lixisenatide","v_964",1
"lofexidine","v_965",1
"lomefloxacin","v_966",1
"lomitapide","v_967",1
"lonoctocog alfa","v_968",1
"loperamide","v_969",1
"lopinavir","v_970",1
"loracarbef","v_971",1
"loratadine","v_972",1
"lorazepam","v_973",1
"lorlatinib","v_974",1
"lormetazepam","v_975",1
"lornoxicam","v_976",1
"lorpiprazole","v_977",1
"losartan","v_978",1
"loteprednol etabonate","v_979",1
"lovastatin","v_980",1
"loxapine","v_981",1
"loxoprofen","v_982",1
"lubiprostone","v_983",1
"luliconazole","v_984",1
"lumacaftor","v_985",1
"lumateperone","v_986",1
"lumiracoxib","v_987",1
"lurasidone","v_988",1
"lusutrombopag","v_989",1
"lutetium lu 177 dotatate","v_990",1
"lutropin alfa","v_991",1
"lyme disease vaccine (recombinant ospa)","v_992",1
"lymecycline","v_993",1
"lypressin","v_994",1
"macitentan","v_995",1
"magnesium sulfate","v_996",1
"malathion","v_997",1
"manidipine","v_998",1
"maprotiline","v_999",1
"maraviroc","v_1000",1
"masoprocol","v_1001",1
"mazindol","v_1002",1
"mebendazole","v_1003",1
"mecamylamine","v_1004",1
"mecasermin","v_1005",1
"mecasermin rinfabate","v_1006",1
"meclizine","v_1007",1
"meclofenamic acid","v_1008",1
"mecobalamin","v_1009",1
"medrogestone","v_1010",1
"medroxyprogesterone acetate","v_1011",1
"medrysone","v_1012",1
"mefenamic acid","v_1013",1
"megestrol acetate","v_1014",1
"melatonin","v_1015",1
"meloxicam","v_1016",1
"memantine","v_1017",1
"menadione","v_1018",1
"menotropins","v_1019",1
"menthyl salicylate","v_1020",1
"mepenzolate","v_1021",1
"meperidine","v_1022",1
"mephentermine","v_1023",1
"mephenytoin","v_1024",1
"mepivacaine","v_1025",1
"mepolizumab","v_1026",1
"meprobamate","v_1027",1
"mepyramine","v_1028",1
"mercaptopurine","v_1029",1
"meropenem","v_1030",1
"mesalazine","v_1031",1
"mesoridazine","v_1032",1
"mestranol","v_1033",1
"metamfetamine","v_1034",1
"metaraminol","v_1035",1
"metformin","v_1036",1
"methacholine","v_1037",1
"methadone","v_1038",1
"methantheline","v_1039",1
"methazolamide","v_1040",1
"methdilazine","v_1041",1
"methimazole","v_1042",1
"methohexital","v_1043",1
"methotrexate","v_1044",1
"methotrimeprazine","v_1045",1
"methoxamine","v_1046",1
"methoxy polyethylene glycol-epoetin beta","v_1047",1
"methoxyflurane","v_1048",1
"methscopolamine bromide","v_1049",1
"methsuximide","v_1050",1
"methyldopa","v_1051",1
"methylene blue","v_1052",1
"methylergometrine","v_1053",1
"methylnaltrexone","v_1054",1
"methylphenidate","v_1055",1
"methylphenobarbital","v_1056",1
"methylprednisolone","v_1057",1
"methyltestosterone","v_1058",1
"methyprylon","v_1059",1
"methysergide","v_1060",1
"meticillin","v_1061",1
"metipranolol","v_1062",1
"metixene","v_1063",1
"metoclopramide","v_1064",1
"metocurine","v_1065",1
"metocurine iodide","v_1066",1
"metolazone","v_1067",1
"metoprolol","v_1068",1
"metreleptin","v_1069",1
"metronidazole","v_1070",1
"metyrapone","v_1071",1
"metyrosine","v_1072",1
"mexiletine","v_1073",1
"mezlocillin","v_1074",1
"micafungin","v_1075",1
"miconazole","v_1076",1
"midazolam","v_1077",1
"midodrine","v_1078",1
"midostaurin","v_1079",1
"mifamurtide","v_1080",1
"mifepristone","v_1081",1
"miglitol","v_1082",1
"miglustat","v_1083",1
"milnacipran","v_1084",1
"milrinone","v_1085",1
"minaprine","v_1086",1
"minocycline","v_1087",1
"minoxidil","v_1088",1
"mirabegron","v_1089",1
"mirtazapine","v_1090",1
"misoprostol","v_1091",1
"mitotane","v_1092",1
"mitoxantrone","v_1093",1
"mivacurium","v_1094",1
"moclobemide","v_1095",1
"modafinil","v_1096",1
"moexipril","v_1097",1
"mogamulizumab","v_1098",1
"molindone","v_1099",1
"mometasone furoate","v_1100",1
"montelukast","v_1101",1
"moricizine","v_1102",1
"moroctocog alfa","v_1103",1
"morphine","v_1104",1
"moxetumomab pasudotox","v_1105",1
"moxidectin","v_1106",1
"moxifloxacin","v_1107",1
"moxisylyte","v_1108",1
"moxonidine","v_1109",1
"mupirocin","v_1110",1
"muromonab","v_1111",1
"mycophenolate mofetil","v_1112",1
"mycophenolic acid","v_1113",1
"nabilone","v_1114",1
"nabumetone","v_1115",1
"nadolol","v_1116",1
"nadroparin","v_1117",1
"nafarelin","v_1118",1
"nafcillin","v_1119",1
"naftifine","v_1120",1
"nalbuphine","v_1121",1
"naldemedine","v_1122",1
"nalmefene","v_1123",1
"naloxegol","v_1124",1
"naloxone","v_1125",1
"naltrexone","v_1126",1
"nandrolone decanoate","v_1127",1
"nandrolone phenpropionate","v_1128",1
"naphazoline","v_1129",1
"naproxen","v_1130",1
"naratriptan","v_1131",1
"natalizumab","v_1132",1
"nateglinide","v_1133",1
"nebivolol","v_1134",1
"necitumumab","v_1135",1
"nedocromil","v_1136",1
"nefazodone","v_1137",1
"nelfinavir","v_1138",1
"neomycin","v_1139",1
"neostigmine","v_1140",1
"neratinib","v_1141",1
"netarsudil","v_1142",1
"netilmicin","v_1143",1
"netupitant","v_1144",1
"nevirapine","v_1145",1
"niacin","v_1146",1
"nicardipine","v_1147",1
"nicergoline","v_1148",1
"nicorandil","v_1149",1
"nicotinamide","v_1150",1
"nicotine","v_1151",1
"nifedipine","v_1152",1
"nilotinib","v_1153",1
"nilutamide","v_1154",1
"nilvadipine","v_1155",1
"nimesulide","v_1156",1
"nimodipine","v_1157",1
"nintedanib","v_1158",1
"niraparib","v_1159",1
"nisoldipine","v_1160",1
"nitazoxanide","v_1161",1
"nitisinone","v_1162",1
"nitrazepam","v_1163",1
"nitrendipine","v_1164",1
"nitric oxide","v_1165",1
"nitrofural","v_1166",1
"nitrofurantoin","v_1167",1
"nitroglycerin","v_1168",1
"nitroprusside","v_1169",1
"nitrous acid","v_1170",1
"nivolumab","v_1171",1
"nizatidine","v_1172",1
"nonacog beta pegol","v_1173",1
"norelgestromin","v_1174",1
"norepinephrine","v_1175",1
"norethisterone","v_1176",1
"norfloxacin","v_1177",1
"norgestimate","v_1178",1
"norgestrel","v_1179",1
"nortriptyline","v_1180",1
"novobiocin","v_1181",1
"nusinersen","v_1182",1
"nylidrin","v_1183",1
"obeticholic acid","v_1184",1
"obinutuzumab","v_1185",1
"ocrelizumab","v_1186",1
"ocriplasmin","v_1187",1
"ofatumumab","v_1188",1
"ofloxacin","v_1189",1
"olanzapine","v_1190",1
"olaparib","v_1191",1
"olaratumab","v_1192",1
"olmesartan","v_1193",1
"olodaterol","v_1194",1
"olopatadine","v_1195",1
"olsalazine","v_1196",1
"omacetaxine mepesuccinate","v_1197",1
"omadacycline","v_1198",1
"omalizumab","v_1199",1
"ombitasvir","v_1200",1
"omega-3 fatty acids","v_1201",1
"omega-3-carboxylic acids","v_1202",1
"omeprazole","v_1203",1
"ondansetron","v_1204",1
"opicapone","v_1205",1
"opium","v_1206",1
"oprelvekin","v_1207",1
"orciprenaline","v_1208",1
"orlistat","v_1209",1
"orphenadrine","v_1210",1
"oseltamivir","v_1211",1
"osilodrostat","v_1212",1
"osimertinib","v_1213",1
"ospemifene","v_1214",1
"ouabain","v_1215",1
"oxacillin","v_1216",1
"oxandrolone","v_1217",1
"oxaprozin","v_1218",1
"oxazepam","v_1219",1
"oxetacaine","v_1220",1
"oxiconazole","v_1221",1
"oxprenolol","v_1222",1
"oxtriphylline","v_1223",1
"oxybuprocaine","v_1224",1
"oxybutynin","v_1225",1
"oxycodone","v_1226",1
"oxymetazoline","v_1227",1
"oxymetholone","v_1228",1
"oxymorphone","v_1229",1
"oxyphencyclimine","v_1230",1
"oxyphenonium","v_1231",1
"oxytetracycline","v_1232",1
"oxytocin","v_1233",1
"ozanimod","v_1234",1
"ozenoxacin","v_1235",1
"paclitaxel","v_1236",1
"palbociclib","v_1237",1
"palifermin","v_1238",1
"paliperidone","v_1239",1
"palivizumab","v_1240",1
"palonosetron","v_1241",1
"pamidronic acid","v_1242",1
"pancuronium","v_1243",1
"panitumumab","v_1244",1
"panobinostat","v_1245",1
"pantoprazole","v_1246",1
"papaverine","v_1247",1
"paramethadione","v_1248",1
"parathyroid hormone","v_1249",1
"parecoxib","v_1250",1
"pargyline","v_1251",1
"paricalcitol","v_1252",1
"paritaprevir","v_1253",1
"paromomycin","v_1254",1
"paroxetine","v_1255",1
"patent blue","v_1256",1
"pazopanib","v_1257",1
"pefloxacin","v_1258",1
"pegfilgrastim","v_1259",1
"peginesatide","v_1260",1
"peginterferon alfa-2a","v_1261",1
"peginterferon alfa-2b","v_1262",1
"pegvisomant","v_1263",1
"pembrolizumab","v_1264",1
"pemetrexed","v_1265",1
"pemigatinib","v_1266",1
"penbutolol","v_1267",1
"penciclovir","v_1268",1
"pentaerythritol tetranitrate","v_1269",1
"pentagastrin","v_1270",1
"pentazocine","v_1271",1
"pentobarbital","v_1272",1
"pentolinium","v_1273",1
"pentosan polysulfate","v_1274",1
"pentostatin","v_1275",1
"pentoxifylline","v_1276",1
"pentoxyverine","v_1277",1
"perampanel","v_1278",1
"pergolide","v_1279",1
"perhexiline","v_1280",1
"periciazine","v_1281",1
"perindopril","v_1282",1
"permethrin","v_1283",1
"perphenazine","v_1284",1
"pertuzumab","v_1285",1
"pexidartinib","v_1286",1
"phenacemide","v_1287",1
"phenazopyridine","v_1288",1
"phendimetrazine","v_1289",1
"phenelzine","v_1290",1
"phenformin","v_1291",1
"phenindamine","v_1292",1
"phenindione","v_1293",1
"pheniramine","v_1294",1
"phenmetrazine","v_1295",1
"phenobarbital","v_1296",1
"phenoxybenzamine","v_1297",1
"phenoxymethylpenicillin","v_1298",1
"phenprocoumon","v_1299",1
"phentermine","v_1300",1
"phentolamine","v_1301",1
"phenylbutazone","v_1302",1
"phenylephrine","v_1303",1
"phenyltoloxamine","v_1304",1
"phenytoin","v_1305",1
"pholcodine","v_1306",1
"phylloquinone","v_1307",1
"physostigmine","v_1308",1
"pibrentasvir","v_1309",1
"pilocarpine","v_1310",1
"pimavanserin","v_1311",1
"pimecrolimus","v_1312",1
"pimozide","v_1313",1
"pinaverium","v_1314",1
"pindolol","v_1315",1
"pioglitazone","v_1316",1
"pipecuronium","v_1317",1
"piperacillin","v_1318",1
"piperazine","v_1319",1
"pipotiazine","v_1320",1
"pirbuterol","v_1321",1
"pirenzepine","v_1322",1
"piroxicam","v_1323",1
"pitavastatin","v_1324",1
"pitolisant","v_1325",1
"pivampicillin","v_1326",1
"pivmecillinam","v_1327",1
"plazomicin","v_1328",1
"plecanatide","v_1329",1
"plerixafor","v_1330",1
"podofilox","v_1331",1
"polatuzumab vedotin","v_1332",1
"polyestradiol phosphate","v_1333",1
"polythiazide","v_1334",1
"pomalidomide","v_1335",1
"ponatinib","v_1336",1
"posaconazole","v_1337",1
"potassium perchlorate","v_1338",1
"practolol","v_1339",1
"pralatrexate","v_1340",1
"pralidoxime","v_1341",1
"pramipexole","v_1342",1
"pramlintide","v_1343",1
"pramocaine","v_1344",1
"prasugrel","v_1345",1
"pravastatin","v_1346",1
"prazepam","v_1347",1
"prazosin","v_1348",1
"prednicarbate","v_1349",1
"prednisolone","v_1350",1
"prednisolone acetate","v_1351",1
"prednisone","v_1352",1
"pregabalin","v_1353",1
"prilocaine","v_1354",1
"primidone","v_1355",1
"probenecid","v_1356",1
"probucol","v_1357",1
"procaine","v_1358",1
"procarbazine","v_1359",1
"procaterol","v_1360",1
"prochlorperazine","v_1361",1
"procyclidine","v_1362",1
"profenamine","v_1363",1
"progesterone","v_1364",1
"proguanil","v_1365",1
"promazine","v_1366",1
"promethazine","v_1367",1
"propafenone","v_1368",1
"propantheline","v_1369",1
"proparacaine","v_1370",1
"propiomazine","v_1371",1
"propiverine","v_1372",1
"propofol","v_1373",1
"propoxycaine","v_1374",1
"propranolol","v_1375",1
"propylhexedrine","v_1376",1
"propylthiouracil","v_1377",1
"protein c","v_1378",1
"protein s human","v_1379",1
"prothrombin","v_1380",1
"protirelin","v_1381",1
"protokylol","v_1382",1
"protriptyline","v_1383",1
"prucalopride","v_1384",1
"pseudoephedrine","v_1385",1
"pyrazinamide","v_1386",1
"pyridostigmine","v_1387",1
"pyridoxine","v_1388",1
"pyrimethamine","v_1389",1
"quazepam","v_1390",1
"quetiapine","v_1391",1
"quinapril","v_1392",1
"quinestrol","v_1393",1
"quinethazone","v_1394",1
"quinidine","v_1395",1
"quinidine barbiturate","v_1396",1
"quinupristin","v_1397",1
"rabeprazole","v_1398",1
"rabies immune globulin, human","v_1399",1
"racepinephrine","v_1400",1
"raloxifene","v_1401",1
"raltegravir","v_1402",1
"raltitrexed","v_1403",1
"ramelteon","v_1404",1
"ramipril","v_1405",1
"ramucirumab","v_1406",1
"ranibizumab","v_1407",1
"ranitidine","v_1408",1
"rapacuronium","v_1409",1
"rasagiline","v_1410",1
"raxibacumab","v_1411",1
"reboxetine","v_1412",1
"regadenoson","v_1413",1
"regorafenib","v_1414",1
"relebactam","v_1415",1
"remifentanil","v_1416",1
"remoxipride","v_1417",1
"repaglinide","v_1418",1
"rescinnamine","v_1419",1
"reserpine","v_1420",1
"reslizumab","v_1421",1
"retapamulin","v_1422",1
"reteplase","v_1423",1
"revefenacin","v_1424",1
"ribavirin","v_1425",1
"ribociclib","v_1426",1
"riboflavin","v_1427",1
"rifabutin","v_1428",1
"rifampicin","v_1429",1
"rifamycin","v_1430",1
"rifapentine","v_1431",1
"rifaximin","v_1432",1
"rilpivirine","v_1433",1
"riluzole","v_1434",1
"rimantadine","v_1435",1
"rimegepant","v_1436",1
"rimexolone","v_1437",1
"rimonabant","v_1438",1
"riociguat","v_1439",1
"ripretinib","v_1440",1
"risankizumab","v_1441",1
"risedronic acid","v_1442",1
"risperidone","v_1443",1
"ritodrine","v_1444",1
"ritonavir","v_1445",1
"rituximab","v_1446",1
"rivaroxaban","v_1447",1
"rivastigmine","v_1448",1
"rizatriptan","v_1449",1
"rocuronium","v_1450",1
"rofecoxib","v_1451",1
"rolapitant","v_1452",1
"rolitetracycline","v_1453",1
"romidepsin","v_1454",1
"romiplostim","v_1455",1
"romosozumab","v_1456",1
"ropinirole","v_1457",1
"ropivacaine","v_1458",1
"rosiglitazone","v_1459",1
"rosoxacin","v_1460",1
"rosuvastatin","v_1461",1
"rotigotine","v_1462",1
"roxithromycin","v_1463",1
"rucaparib","v_1464",1
"rupatadine","v_1465",1
"ruxolitinib","v_1466",1
"sacituzumab govitecan","v_1467",1
"sacubitril","v_1468",1
"safinamide","v_1469",1
"salbutamol","v_1470",1
"salicylic acid","v_1471",1
"salmeterol","v_1472",1
"salsalate","v_1473",1
"sapropterin","v_1474",1
"saquinavir","v_1475",1
"sargramostim","v_1476",1
"sarilumab","v_1477",1
"saxagliptin","v_1478",1
"scopolamine","v_1479",1
"secobarbital","v_1480",1
"secretin human","v_1481",1
"secukinumab","v_1482",1
"segesterone acetate","v_1483",1
"selegiline","v_1484",1
"selexipag","v_1485",1
"selinexor","v_1486",1
"selpercatinib","v_1487",1
"selumetinib","v_1488",1
"semaglutide","v_1489",1
"seractide acetate","v_1490",1
"sermorelin","v_1491",1
"sertaconazole","v_1492",1
"sertindole","v_1493",1
"sertraline","v_1494",1
"sevoflurane","v_1495",1
"sibutramine","v_1496",1
"sildenafil","v_1497",1
"silodosin","v_1498",1
"siltuximab","v_1499",1
"simeprevir","v_1500",1
"simoctocog alfa","v_1501",1
"simvastatin","v_1502",1
"sipuleucel-t","v_1503",1
"sirolimus","v_1504",1
"sitagliptin","v_1505",1
"sitaxentan","v_1506",1
"sodium ferric gluconate complex","v_1507",1
"sodium stibogluconate","v_1508",1
"sodium sulfate","v_1509",1
"sodium tetradecyl sulfate","v_1510",1
"sofosbuvir","v_1511",1
"solifenacin","v_1512",1
"somatostatin","v_1513",1
"somatotropin","v_1514",1
"somatrem","v_1515",1
"sorafenib","v_1516",1
"sotalol","v_1517",1
"soybean oil","v_1518",1
"sparfloxacin","v_1519",1
"spectinomycin","v_1520",1
"spiramycin","v_1521",1
"spirapril","v_1522",1
"spironolactone","v_1523",1
"stanozolol","v_1524",1
"stavudine","v_1525",1
"stiripentol","v_1526",1
"streptokinase","v_1527",1
"streptomycin","v_1528",1
"streptozocin","v_1529",1
"succinylcholine","v_1530",1
"sucralfate","v_1531",1
"sufentanil","v_1532",1
"sulbactam","v_1533",1
"sulfacetamide","v_1534",1
"sulfacytine","v_1535",1
"sulfadiazine","v_1536",1
"sulfadoxine","v_1537",1
"sulfamerazine","v_1538",1
"sulfameter","v_1539",1
"sulfamethazine","v_1540",1
"sulfamethizole","v_1541",1
"sulfamethoxazole","v_1542",1
"sulfametopyrazine","v_1543",1
"sulfanilamide","v_1544",1
"sulfaphenazole","v_1545",1
"sulfasalazine","v_1546",1
"sulfathiazole","v_1547",1
"sulfinpyrazone","v_1548",1
"sulfisoxazole","v_1549",1
"sulfoxone","v_1550",1
"sulindac","v_1551",1
"sulodexide","v_1552",1
"sulpiride","v_1553",1
"sumatriptan","v_1554",1
"sunitinib","v_1555",1
"suprofen","v_1556",1
"susoctocog alfa","v_1557",1
"suvorexant","v_1558",1
"synthetic conjugated estrogens, a","v_1559",1
"synthetic conjugated estrogens, b","v_1560",1
"tacrine","v_1561",1
"tacrolimus","v_1562",1
"tadalafil","v_1563",1
"tafamidis","v_1564",1
"tafluprost","v_1565",1
"tagraxofusp","v_1566",1
"talazoparib","v_1567",1
"talbutal","v_1568",1
"talimogene laherparepvec","v_1569",1
"tamoxifen","v_1570",1
"tamsulosin","v_1571",1
"tapentadol","v_1572",1
"tasimelteon","v_1573",1
"tasonermin","v_1574",1
"taurine","v_1575",1
"tavaborole","v_1576",1
"tazarotene","v_1577",1
"tazemetostat","v_1578",1
"tazobactam","v_1579",1
"technetium tc-99m nofetumomab merpentan","v_1580",1
"technetium tc-99m tilmanocept","v_1581",1
"tecovirimat","v_1582",1
"teduglutide","v_1583",1
"tegafur","v_1584",1
"tegafur-uracil","v_1585",1
"tegaserod","v_1586",1
"telaprevir","v_1587",1
"telbivudine","v_1588",1
"telmisartan","v_1589",1
"telotristat ethyl","v_1590",1
"temazepam","v_1591",1
"temsirolimus","v_1592",1
"tenapanor","v_1593",1
"tenecteplase","v_1594",1
"teniposide","v_1595",1
"tenofovir alafenamide","v_1596",1
"tenofovir disoproxil","v_1597",1
"tenoxicam","v_1598",1
"terazosin","v_1599",1
"terbinafine","v_1600",1
"terbutaline","v_1601",1
"terconazole","v_1602",1
"terfenadine","v_1603",1
"terlipressin","v_1604",1
"tesamorelin","v_1605",1
"testolactone","v_1606",1
"testosterone","v_1607",1
"testosterone cypionate","v_1608",1
"testosterone enanthate","v_1609",1
"testosterone propionate","v_1610",1
"testosterone undecanoate","v_1611",1
"tetanus immune globulin, human","v_1612",1
"tetrabenazine","v_1613",1
"tetracaine","v_1614",1
"tetracosactide","v_1615",1
"tetracycline","v_1616",1
"tetradecyl hydrogen sulfate (ester)","v_1617",1
"tetraferric tricitrate decahydrate","v_1618",1
"tetryzoline","v_1619",1
"tezacaftor","v_1620",1
"thalidomide","v_1621",1
"theophylline","v_1622",1
"thiabendazole","v_1623",1
"thiamine","v_1624",1
"thiamylal","v_1625",1
"thiopental","v_1626",1
"thioridazine","v_1627",1
"thiothixene","v_1628",1
"thonzonium","v_1629",1
"thonzylamine","v_1630",1
"thrombin","v_1631",1
"thrombin alfa","v_1632",1
"thrombomodulin alfa","v_1633",1
"thyrotropin alfa","v_1634",1
"tiagabine","v_1635",1
"tiaprofenic acid","v_1636",1
"tibolone","v_1637",1
"ticagrelor","v_1638",1
"ticarcillin","v_1639",1
"ticlopidine","v_1640",1
"tigecycline","v_1641",1
"tildrakizumab","v_1642",1
"timolol","v_1643",1
"tinzaparin","v_1644",1
"tioconazole","v_1645",1
"tiotropium","v_1646",1
"tipiracil","v_1647",1
"tipranavir","v_1648",1
"tirofiban","v_1649",1
"tisagenlecleucel","v_1650",1
"tixocortol","v_1651",1
"tobramycin","v_1652",1
"tocainide","v_1653",1
"tocilizumab","v_1654",1
"tofacitinib","v_1655",1
"tolazamide","v_1656",1
"tolazoline","v_1657",1
"tolbutamide","v_1658",1
"tolcapone","v_1659",1
"tolfenamic acid","v_1660",1
"tolmetin","v_1661",1
"tolnaftate","v_1662",1
"tolterodine","v_1663",1
"tolvaptan","v_1664",1
"topiramate","v_1665",1
"topotecan","v_1666",1
"torasemide","v_1667",1
"toremifene","v_1668",1
"tositumomab","v_1669",1
"tramadol","v_1670",1
"trametinib","v_1671",1
"trandolapril","v_1672",1
"tranexamic acid","v_1673",1
"tranylcypromine","v_1674",1
"trastuzumab","v_1675",1
"trastuzumab deruxtecan","v_1676",1
"trastuzumab emtansine","v_1677",1
"travoprost","v_1678",1
"trazodone","v_1679",1
"treprostinil","v_1680",1
"tretinoin","v_1681",1
"triamcinolone","v_1682",1
"triamterene","v_1683",1
"triazolam","v_1684",1
"trichlormethiazide","v_1685",1
"triclocarban","v_1686",1
"trifarotene","v_1687",1
"trifluoperazine","v_1688",1
"triflupromazine","v_1689",1
"trifluridine","v_1690",1
"triflusal","v_1691",1
"trihexyphenidyl","v_1692",1
"trilostane","v_1693",1
"trimebutine","v_1694",1
"trimetazidine","v_1695",1
"trimethadione","v_1696",1
"trimethaphan","v_1697",1
"trimethoprim","v_1698",1
"trimetrexate","v_1699",1
"trimipramine","v_1700",1
"tripelennamine","v_1701",1
"triprolidine","v_1702",1
"triptorelin","v_1703",1
"troglitazone","v_1704",1
"trolamine salicylate","v_1705",1
"troleandomycin","v_1706",1
"tropicamide","v_1707",1
"tropisetron","v_1708",1
"trovafloxacin","v_1709",1
"tuberculin purified protein derivative","v_1710",1
"tubocurarine","v_1711",1
"tucatinib","v_1712",1
"turoctocog alfa","v_1713",1
"turoctocog alfa pegol","v_1714",1
"tyloxapol","v_1715",1
"ubidecarenone","v_1716",1
"ubrogepant","v_1717",1
"udenafil","v_1718",1
"ulipristal","v_1719",1
"ulobetasol","v_1720",1
"umeclidinium","v_1721",1
"upadacitinib","v_1722",1
"urea","v_1723",1
"urea c-13","v_1724",1
"urea c-14","v_1725",1
"urofollitropin","v_1726",1
"urokinase","v_1727",1
"ursodeoxycholic acid","v_1728",1
"ustekinumab","v_1729",1
"vaborbactam","v_1730",1
"valaciclovir","v_1731",1
"valbenazine","v_1732",1
"valdecoxib","v_1733",1
"valproic acid","v_1734",1
"valrubicin","v_1735",1
"valsartan","v_1736",1
"vardenafil","v_1737",1
"varenicline","v_1738",1
"vasopressin","v_1739",1
"vecuronium","v_1740",1
"vedolizumab","v_1741",1
"velpatasvir","v_1742",1
"vemurafenib","v_1743",1
"venetoclax","v_1744",1
"venlafaxine","v_1745",1
"verapamil","v_1746",1
"vernakalant","v_1747",1
"vidarabine","v_1748",1
"vigabatrin","v_1749",1
"vilanterol","v_1750",1
"vilazodone","v_1751",1
"vildagliptin","v_1752",1
"viloxazine","v_1753",1
"vinblastine","v_1754",1
"vincristine","v_1755",1
"vindesine","v_1756",1
"vinflunine","v_1757",1
"vinorelbine","v_1758",1
"viomycin","v_1759",1
"vismodegib","v_1760",1
"von willebrand factor human","v_1761",1
"vonicog alfa","v_1762",1
"vorapaxar","v_1763",1
"voretigene neparvovec","v_1764",1
"voriconazole","v_1765",1
"vorinostat","v_1766",1
"vortioxetine","v_1767",1
"voxelotor","v_1768",1
"voxilaprevir","v_1769",1
"warfarin","v_1770",1
"xamoterol","v_1771",1
"xanthinol","v_1772",1
"ximelagatran","v_1773",1
"xylometazoline","v_1774",1
"yohimbine","v_1775",1
"zafirlukast","v_1776",1
"zalcitabine","v_1777",1
"zaleplon","v_1778",1
"zanamivir","v_1779",1
"zanubrutinib","v_1780",1
"ziconotide","v_1781",1
"zidovudine","v_1782",1
"zileuton","v_1783",1
"ziprasidone","v_1784",1
"zofenopril","v_1785",1
"zoledronic acid","v_1786",1
"zolmitriptan","v_1787",1
"zolpidem","v_1788",1
"zonisamide","v_1789",1
"zopiclone","v_1790",1
"zotepine","v_1791",1
"zucapsaicin","v_1792",1
"zuclopenthixol","v_1793",1
"alpha-linolenic acid","v_1794",1
"gamma-hydroxybutyric acid","v_1795",1
